Workbook
Name Contractor_Detail: "`"
Name subc_contr_folder_path: config!$B$1

Sheet data
A1: # | B1: Item no | C1: Contract order no | D1: Contract ID | E1: Contract no | F1: Title | H1: Call | I1: WP | J1: Employee | K1: Status | L1: Record no | M1: Record person | N1: Plate no | P1: Type | Q1: Brand/Model | R1: Department | S1: Folder Name | T1: x | U1: Folder | V1: IPC's | W1: Log | X1: IPC pdf | Y1: IPC # to open | Z1: Last IPC # | AA1: x | AB1: Notes | AC1: Record sheet given | AD1: Record sheet received | AE1: Calculate | AF1: Amount log | AG1: Sent | AH1: Subc. Signature | AI1: Printed | AJ1: Discipline signature | AK1: IPC chief signature | AL1: TO chief signature | AM1: Deputy PM signature | AN1: Site Manager | AO1: PM signature | AP1: Stamp | AQ1: Cover to Bookkeeper | AR1: Foldering
A2: 1 | B2: =COUNTIF(INDIRECT("D1:D"&ROW()-1),D2)+1 -> 1 | C2: =IF(_xlfn.IFNA(MATCH(D2,$D$1:D1,0),0)=0,MAX($C$1:C1)+1,"") -> 1 | D2: KLN-SPP2-CW-011 | E2: =_xlfn.NUMBERVALUE(RIGHT(D2,3)) -> 11 | F2: CASPIAN ENGINEERING MMC | G2: +994776371714 | H2: {=IF(_xlfn.DROP(_xlfn._TRO_TRAILING(G:G),1)="","",HYPERLINK("tel://"&MID(_xlfn.DROP(_xlfn._TRO_TRAILING(G:G),1),2,100),"📞"))} -> 📞 | I2: {=IF(_xlfn.DROP(_xlfn._TRO_TRAILING(G:G),1)="","",HYPERLINK("https://api.whatsapp.com/send?phone="&MID(_xlfn.DROP(_xlfn._TRO_TRAILING(G:G),1),2,100)&"&text=-","💬"))} -> 💬 | J2: EB | K2: Active | M2: Sadık Boz | R2: QA/QC | S2: 011_Caspian Engineering | U2: =HYPERLINK(subc_contr_folder_path&S2,"Open") -> Open | V2: =HYPERLINK(subc_contr_folder_path&S2&"\ipcs\"&Y2,"Open") -> #VALUE! | W2: =HYPERLINK(subc_contr_folder_path&S2&"\ipcs\"&Y2&"\"&"log.pdf","Open") -> #VALUE! | X2: =HYPERLINK(subc_contr_folder_path&S2&"\ipcs\"&Y2&"\"&E2&"-"&Y2&".pdf","Open") -> #VALUE! | Y2: =IF(Z2="","",Z2) -> #VALUE! | Z2: {=_xlfn.MAXIFS([2]log_ipcs!$D:$D,[2]log_ipcs!$C:$C,_xlfn.NUMBERVALUE(LEFT(_xlfn.DROP(_xlfn._TRO_TRAILING(S:S),1),3)))} -> #VALUE! | AB2: contract scan | AC2: + | AD2: + | AE2: + | AF2: + | AG2: + | AH2: + | AI2: + | AJ2: +
A3: =+A2+1 -> 2 | B3: =COUNTIF(INDIRECT("D1:D"&ROW()-1),D3)+1 -> 1 | C3: =IF(_xlfn.IFNA(MATCH(D3,$D$1:D2,0),0)=0,MAX($C$1:C2)+1,"") -> 2 | D3: KLN-SPP2-EQ-014 | E3: =_xlfn.NUMBERVALUE(RIGHT(D3,3)) -> 14 | F3: HILAL LTD MMC | G3: +994502459043 | H3: 📞 | I3: 💬 | J3: EB | K3: Active | M3: Mesut Fırat | R3: Workshop | S3: 014_Hilal Ltd | U3: =HYPERLINK(subc_contr_folder_path&S3,"Open") -> Open | V3: =HYPERLINK(subc_contr_folder_path&S3&"\ipcs\"&Y3,"Open") -> #VALUE! | W3: =HYPERLINK(subc_contr_folder_path&S3&"\ipcs\"&Y3&"\"&"log.pdf","Open") -> #VALUE! | X3: =HYPERLINK(subc_contr_folder_path&S3&"\ipcs\"&Y3&"\"&E3&"-"&Y3&".pdf","Open") -> #VALUE! | Y3: =IF(Z3="","",Z3) -> #VALUE! | Z3: #VALUE! | AC3: + | AD3: + | AE3: + | AF3: + | AG3: + | AH3: + | AI3: +
A4: =+A3+1 -> 3 | B4: =COUNTIF(INDIRECT("D1:D"&ROW()-1),D4)+1 -> 1 | C4: =IF(_xlfn.IFNA(MATCH(D4,$D$1:D3,0),0)=0,MAX($C$1:C3)+1,"") -> 3 | D4: KLN-SPP2-AA-030 | E4: =_xlfn.NUMBERVALUE(RIGHT(D4,3)) -> 30 | F4: NAR TRANSPORT SERVICES MMC | G4: +994512449400 | H4: 📞 | I4: 💬 | J4: EB | K4: Active | L4: =IF(OR(K4="",N4=""),"",IF(L3="",MAX(L$2:L3),L3)+1) -> 1 | M4: İbrahim Kemik | N4: 99JE233 | R4: Administration | S4: 030_Nar Transport_Ambulance | U4: =HYPERLINK(subc_contr_folder_path&S4,"Open") -> Open | V4: =HYPERLINK(subc_contr_folder_path&S4&"\ipcs\"&Y4,"Open") -> #VALUE! | W4: =HYPERLINK(subc_contr_folder_path&S4&"\ipcs\"&Y4&"\"&"log.pdf","Open") -> #VALUE! | X4: =HYPERLINK(subc_contr_folder_path&S4&"\ipcs\"&Y4&"\"&E4&"-"&Y4&".pdf","Open") -> #VALUE! | Y4: =IF(Z4="","",Z4) -> #VALUE! | Z4: #VALUE! | AC4: + | AD4: + | AE4: + | AF4: +
A5: =+A4+1 -> 4 | B5: =COUNTIF(INDIRECT("D1:D"&ROW()-1),D5)+1 -> 2 | C5: =IF(_xlfn.IFNA(MATCH(D5,$D$1:D4,0),0)=0,MAX($C$1:C4)+1,"") | D5: KLN-SPP2-AA-030 | E5: =_xlfn.NUMBERVALUE(RIGHT(D5,3)) -> 30 | F5: NAR TRANSPORT SERVICES MMC | J5: EB | L5: =IF(OR(K5="",N5=""),"",IF(L4="",MAX(L$2:L4),L4)+1) | N5: 99AS882 | R5: Administration | S5: 030_Nar Transport_Ambulance | Y5: =IF(Z5="","",Z5) -> #VALUE! | Z5: #VALUE!
A6: =+A5+1 -> 5 | B6: =COUNTIF(INDIRECT("D1:D"&ROW()-1),D6)+1 -> 1 | C6: =IF(_xlfn.IFNA(MATCH(D6,$D$1:D5,0),0)=0,MAX($C$1:C5)+1,"") -> 4 | D6: KLN-SPP2-AA-031 | E6: =_xlfn.NUMBERVALUE(RIGHT(D6,3)) -> 31 | F6: NAR TRANSPORT SERVICES MMC | G6: +994512449400 | H6: 📞 | I6: 💬 | J6: EB | K6: Active | L6: =IF(OR(K6="",N6=""),"",IF(L5="",MAX(L$2:L5),L5)+1) | M6: İbrahim Kemik | R6: Administration | S6: 031_Nar Transport_Services | U6: =HYPERLINK(subc_contr_folder_path&S6,"Open") -> Open | V6: =HYPERLINK(subc_contr_folder_path&S6&"\ipcs\"&Y6,"Open") -> #VALUE! | W6: =HYPERLINK(subc_contr_folder_path&S6&"\ipcs\"&Y6&"\"&"log.xlsx","Open") -> #VALUE! | X6: =HYPERLINK(subc_contr_folder_path&S6&"\ipcs\"&Y6&"\"&E6&"-"&Y6&".pdf","Open") -> #VALUE! | Y6: =IF(Z6="","",Z6) -> #VALUE! | Z6: #VALUE! | AC6: + | AD6: +
A7: =+A6+1 -> 6 | B7: =COUNTIF(INDIRECT("D1:D"&ROW()-1),D7)+1 -> 2 | C7: =IF(_xlfn.IFNA(MATCH(D7,$D$1:D6,0),0)=0,MAX($C$1:C6)+1,"") | D7: KLN-SPP2-AA-031 | E7: =_xlfn.NUMBERVALUE(RIGHT(D7,3)) -> 31 | F7: NAR TRANSPORT SERVICES MMC | J7: EB | K7: Active | L7: =IF(OR(K7="",N7=""),"",IF(L6="",MAX(L$2:L6),L6)+1) -> 2 | M7: Mustafa Yazıcı | N7: 90GG153 | O7: + | P7: Avtosəbət | Q7: ISUZU NPR66 | R7: Fit-out works | S7: 031_Nar Transport_Services | Y7: =IF(Z7="","",Z7) -> #VALUE! | Z7: #VALUE! | AC7: + | AD7: + | AE7: + | AF7: +
A8: =+A7+1 -> 7 | B8: =COUNTIF(INDIRECT("D1:D"&ROW()-1),D8)+1 -> 1 | C8: =IF(_xlfn.IFNA(MATCH(D8,$D$1:D7,0),0)=0,MAX($C$1:C7)+1,"") -> 5 | D8: KLN-SPP2-AA-033 | E8: =_xlfn.NUMBERVALUE(RIGHT(D8,3)) -> 33 | F8: AKKOL HAZIR YEMEK SAN. TIC. AS | G8: +994514299334 | H8: 📞 | I8: 💬 | J8: EB | K8: Active | L8: =IF(OR(K8="",N8=""),"",IF(L7="",MAX(L$2:L7),L7)+1) | M8: İbrahim Kemik | R8: Administration | S8: 033_Akkol Hazir Yemek | U8: =HYPERLINK(subc_contr_folder_path&S8,"Open") -> Open | V8: =HYPERLINK(subc_contr_folder_path&S8&"\ipcs\"&Y8,"Open") -> #VALUE! | W8: =HYPERLINK(subc_contr_folder_path&S8&"\ipcs\"&Y8&"\"&"log.pdf","Open") -> #VALUE! | X8: =HYPERLINK(subc_contr_folder_path&S8&"\ipcs\"&Y8&"\"&E8&"-"&Y8&".pdf","Open") -> #VALUE! | Y8: =IF(Z8="","",Z8) -> #VALUE! | Z8: #VALUE! | AC8: + | AD8: + | AE8: + | AF8: + | AG8: + | AH8: + | AI8: +
A9: =+A8+1 -> 8 | B9: =COUNTIF(INDIRECT("D1:D"&ROW()-1),D9)+1 -> 1 | C9: =IF(_xlfn.IFNA(MATCH(D9,$D$1:D8,0),0)=0,MAX($C$1:C8)+1,"") -> 6 | D9: KLN-SPP2-EQ-046 | E9: =_xlfn.NUMBERVALUE(RIGHT(D9,3)) -> 46 | F9: HARDCORE CE MMC | G9: +994703775515 | H9: 📞 | I9: 💬 | J9: EB | L9: =IF(OR(K9="",N9=""),"",IF(L8="",MAX(L$2:L8),L8)+1) | N9: 110FY523-D | P9: Roller | Q9: CAT CS 56B Vərdənə | R9: Earthworks | S9: 046_Hardcore Equipment | U9: =HYPERLINK(subc_contr_folder_path&S9,"Open") -> Open | V9: =HYPERLINK(subc_contr_folder_path&S9&"\ipcs","Open") -> Open | W9: =HYPERLINK(subc_contr_folder_path&S9&"\ipcs\"&Y9&"\"&"log.pdf","Open") -> #VALUE! | X9: =HYPERLINK(subc_contr_folder_path&S9&"\ipcs\"&Y9&"\"&E9&"-"&Y9&".pdf","Open") -> #VALUE! | Y9: =IF(Z9="","",Z9) -> #VALUE! | Z9: #VALUE!
A10: =+A9+1 -> 9 | B10: =COUNTIF(INDIRECT("D1:D"&ROW()-1),D10)+1 -> 2 | C10: =IF(_xlfn.IFNA(MATCH(D10,$D$1:D9,0),0)=0,MAX($C$1:C9)+1,"") | D10: KLN-SPP2-EQ-046 | E10: =_xlfn.NUMBERVALUE(RIGHT(D10,3)) -> 46 | F10: HARDCORE CE MMC | G10: +994703775515 | H10: 📞 | I10: 💬 | J10: EB | L10: =IF(OR(K10="",N10=""),"",IF(L9="",MAX(L$2:L9),L9)+1) | N10: 110FY524-N | P10: Roller | R10: Earthworks | S10: 046_Hardcore Equipment | Y10: =IF(Z10="","",Z10) -> #VALUE! | Z10: #VALUE!
A11: =+A10+1 -> 10 | B11: =COUNTIF(INDIRECT("D1:D"&ROW()-1),D11)+1 -> 3 | C11: =IF(_xlfn.IFNA(MATCH(D11,$D$1:D10,0),0)=0,MAX($C$1:C10)+1,"") | D11: KLN-SPP2-EQ-046 | E11: =_xlfn.NUMBERVALUE(RIGHT(D11,3)) -> 46 | F11: HARDCORE CE MMC | G11: +994703775515 | H11: 📞 | I11: 💬 | J11: EB | L11: =IF(OR(K11="",N11=""),"",IF(L10="",MAX(L$2:L10),L10)+1) | N11: 110FY523-N | P11: Roller | R11: Earthworks | S11: 046_Hardcore Equipment | Y11: =IF(Z11="","",Z11) -> #VALUE! | Z11: #VALUE!
A12: =+A11+1 -> 11 | B12: =COUNTIF(INDIRECT("D1:D"&ROW()-1),D12)+1 -> 4 | C12: =IF(_xlfn.IFNA(MATCH(D12,$D$1:D11,0),0)=0,MAX($C$1:C11)+1,"") | D12: KLN-SPP2-EQ-046 | E12: =_xlfn.NUMBERVALUE(RIGHT(D12,3)) -> 46 | F12: HARDCORE CE MMC | G12: +994703775515 | H12: 📞 | I12: 💬 | J12: EB | L12: =IF(OR(K12="",N12=""),"",IF(L11="",MAX(L$2:L11),L11)+1) | N12: 10AD801-N | P12: Excovator | R12: Earthworks | S12: 046_Hardcore Equipment | Y12: =IF(Z12="","",Z12) -> #VALUE! | Z12: #VALUE!
A13: =+A12+1 -> 12 | B13: =COUNTIF(INDIRECT("D1:D"&ROW()-1),D13)+1 -> 5 | C13: =IF(_xlfn.IFNA(MATCH(D13,$D$1:D12,0),0)=0,MAX($C$1:C12)+1,"") | D13: KLN-SPP2-EQ-046 | E13: =_xlfn.NUMBERVALUE(RIGHT(D13,3)) -> 46 | F13: HARDCORE CE MMC | G13: +994703775515 | H13: 📞 | I13: 💬 | J13: EB | L13: =IF(OR(K13="",N13=""),"",IF(L12="",MAX(L$2:L12),L12)+1) | N13: 10AD801-D | P13: Excavator | Q13: Hyundai R380LC-9SH | R13: Earthworks | S13: 046_Hardcore Equipment | Y13: =IF(Z13="","",Z13) -> #VALUE! | Z13: #VALUE!
A14: =+A13+1 -> 13 | B14: =COUNTIF(INDIRECT("D1:D"&ROW()-1),D14)+1 -> 6 | C14: =IF(_xlfn.IFNA(MATCH(D14,$D$1:D13,0),0)=0,MAX($C$1:C13)+1,"") | D14: KLN-SPP2-EQ-046 | E14: =_xlfn.NUMBERVALUE(RIGHT(D14,3)) -> 46 | F14: HARDCORE CE MMC | G14: +994703775515 | H14: 📞 | I14: 💬 | J14: EB | L14: =IF(OR(K14="",N14=""),"",IF(L13="",MAX(L$2:L13),L13)+1) | N14: 110FY524-D | P14: Roller | R14: Earthworks | S14: 046_Hardcore Equipment | Y14: =IF(Z14="","",Z14) -> #VALUE! | Z14: #VALUE!
A15: =+A14+1 -> 14 | B15: =COUNTIF(INDIRECT("D1:D"&ROW()-1),D15)+1 -> 7 | C15: =IF(_xlfn.IFNA(MATCH(D15,$D$1:D14,0),0)=0,MAX($C$1:C14)+1,"") | D15: KLN-SPP2-EQ-046 | E15: =_xlfn.NUMBERVALUE(RIGHT(D15,3)) -> 46 | F15: HARDCORE CE MMC | G15: +994703775515 | H15: 📞 | I15: 💬 | J15: EB | L15: =IF(OR(K15="",N15=""),"",IF(L14="",MAX(L$2:L14),L14)+1) | N15: 10AB468 | P15: Loader | S15: 046_Hardcore Equipment | Y15: =IF(Z15="","",Z15) -> #VALUE! | Z15: #VALUE!
A16: =+A15+1 -> 15 | B16: =COUNTIF(INDIRECT("D1:D"&ROW()-1),D16)+1 -> 1 | C16: =IF(_xlfn.IFNA(MATCH(D16,$D$1:D15,0),0)=0,MAX($C$1:C15)+1,"") -> 7 | D16: KLN-SPP2-EQ-050 | E16: =_xlfn.NUMBERVALUE(RIGHT(D16,3)) -> 50 | F16: LOFT CONSTRUCTION | G16: +994503774242 | H16: 📞 | I16: 💬 | J16: EB | K16: Active | L16: =IF(OR(K16="",N16=""),"",IF(L15="",MAX(L$2:L15),L15)+1) -> 3 | M16: Tolga Mutlu | N16: 61AB256 | P16: Qreyder | Q16: Luigong GLG 4215D | R16: Earthworks | S16: 050_Loft Construction | U16: =HYPERLINK(subc_contr_folder_path&S16,"Open") -> Open | V16: =HYPERLINK(subc_contr_folder_path&S16&"\ipcs\"&Y16,"Open") -> #VALUE! | W16: =HYPERLINK(subc_contr_folder_path&S16&"\ipcs\"&Y16&"\"&"log.pdf","Open") -> #VALUE! | X16: =HYPERLINK(subc_contr_folder_path&S16&"\ipcs\"&Y16&"\"&E16&"-"&Y16&".pdf","Open") -> #VALUE! | Y16: =IF(Z16="","",Z16) -> #VALUE! | Z16: #VALUE! | AC16: çıxış | AD16: + | AE16: + | AF16: + | AG16: + | AH16: + | AI16: + | AJ16: +
A17: =+A16+1 -> 16 | B17: =COUNTIF(INDIRECT("D1:D"&ROW()-1),D17)+1 -> 1 | C17: =IF(_xlfn.IFNA(MATCH(D17,$D$1:D16,0),0)=0,MAX($C$1:C16)+1,"") -> 8 | D17: KLN-SPP2-EQ-051 | E17: =_xlfn.NUMBERVALUE(RIGHT(D17,3)) -> 51 | F17: INTERMAK GROUP MMC | G17: +994102305309 | H17: 📞 | I17: 💬 | J17: EB | K17: Active | L17: =IF(OR(K17="",N17=""),"",IF(L16="",MAX(L$2:L16),L16)+1) -> 4 | M17: Mustafa Yazıcı | N17: 10AD071 | O17: + | P17: Telehandler | Q17: Manito 1740 | R17: Fit-out works | S17: 051_Intermak Group | U17: =HYPERLINK(subc_contr_folder_path&S17,"Open") -> Open | V17: =HYPERLINK(subc_contr_folder_path&S17&"\ipcs\"&Y17,"Open") -> #VALUE! | W17: =HYPERLINK(subc_contr_folder_path&S17&"\ipcs\"&Y17&"\"&"log.pdf","Open") -> #VALUE! | X17: =HYPERLINK(subc_contr_folder_path&S17&"\ipcs\"&Y17&"\"&E17&"-"&Y17&".pdf","Open") -> #VALUE! | Y17: =IF(Z17="","",Z17) -> #VALUE! | Z17: #VALUE! | AD17: + | AE17: + | AF17: + | AG17: + | AH17: + | AI17: + | AJ17: +
A18: =+A17+1 -> 17 | B18: =COUNTIF(INDIRECT("D1:D"&ROW()-1),D18)+1 -> 2 | C18: =IF(_xlfn.IFNA(MATCH(D18,$D$1:D17,0),0)=0,MAX($C$1:C17)+1,"") | D18: KLN-SPP2-EQ-051 | E18: =_xlfn.NUMBERVALUE(RIGHT(D18,3)) -> 51 | F18: INTERMAK GROUP MMC | G18: +994102305309 | H18: 📞 | I18: 💬 | J18: EB | L18: =IF(OR(K18="",N18=""),"",IF(L17="",MAX(L$2:L17),L17)+1) | N18: 10BA857 | P18: Telehandler | Q18: Manito 1740 | R18: Rough Works | S18: 051_Intermak Group | Y18: =IF(Z18="","",Z18) -> #VALUE! | Z18: #VALUE!
A19: =+A18+1 -> 18 | B19: =COUNTIF(INDIRECT("D1:D"&ROW()-1),D19)+1 -> 3 | C19: =IF(_xlfn.IFNA(MATCH(D19,$D$1:D18,0),0)=0,MAX($C$1:C18)+1,"") | D19: KLN-SPP2-EQ-051 | E19: =_xlfn.NUMBERVALUE(RIGHT(D19,3)) -> 51 | F19: INTERMAK GROUP MMC | G19: +994102305309 | H19: 📞 | I19: 💬 | J19: EB | L19: =IF(OR(K19="",N19=""),"",IF(L18="",MAX(L$2:L18),L18)+1) | N19: 10BA194 | S19: 051_Intermak Group | Y19: =IF(Z19="","",Z19) -> #VALUE! | Z19: #VALUE!
A20: =+A19+1 -> 19 | B20: =COUNTIF(INDIRECT("D1:D"&ROW()-1),D20)+1 -> 4 | C20: =IF(_xlfn.IFNA(MATCH(D20,$D$1:D19,0),0)=0,MAX($C$1:C19)+1,"") | D20: KLN-SPP2-EQ-051 | E20: =_xlfn.NUMBERVALUE(RIGHT(D20,3)) -> 51 | F20: INTERMAK GROUP MMC | G20: +994102305309 | H20: 📞 | I20: 💬 | J20: EB | L20: =IF(OR(K20="",N20=""),"",IF(L19="",MAX(L$2:L19),L19)+1) | N20: 10AD015 | P20: Mini loader | Q20: Bobcat S450 | R20: Earthworks | S20: 051_Intermak Group | Y20: =IF(Z20="","",Z20) -> #VALUE! | Z20: #VALUE!
A21: =+A20+1 -> 20 | B21: =COUNTIF(INDIRECT("D1:D"&ROW()-1),D21)+1 -> 5 | C21: =IF(_xlfn.IFNA(MATCH(D21,$D$1:D20,0),0)=0,MAX($C$1:C20)+1,"") | D21: KLN-SPP2-EQ-051 | E21: =_xlfn.NUMBERVALUE(RIGHT(D21,3)) -> 51 | F21: INTERMAK GROUP MMC | G21: +994102305309 | H21: 📞 | I21: 💬 | J21: EB | K21: Active | L21: =IF(OR(K21="",N21=""),"",IF(L20="",MAX(L$2:L20),L20)+1) -> 5 | M21: Mustafa Yazıcı | N21: XE120W | O21: + | P21: Qayçılı səbət | Q21: Mantall | R21: Fit-out works | S21: 051_Intermak Group | Z21: #VALUE! | AD21: + | AE21: + | AF21: + | AG21: +
A22: =+A21+1 -> 21 | B22: =COUNTIF(INDIRECT("D1:D"&ROW()-1),D22)+1 -> 6 | C22: =IF(_xlfn.IFNA(MATCH(D22,$D$1:D21,0),0)=0,MAX($C$1:C21)+1,"") | D22: KLN-SPP2-EQ-051 | E22: =_xlfn.NUMBERVALUE(RIGHT(D22,3)) -> 51 | F22: INTERMAK GROUP MMC | G22: +994102305309 | H22: 📞 | I22: 💬 | J22: EB | K22: Active | L22: =IF(OR(K22="",N22=""),"",IF(L21="",MAX(L$2:L21),L21)+1) -> 6 | M22: Mustafa Yazıcı | N22: XE160W | O22: + | P22: Qayçılı səbət | Q22: Mantall | R22: Fit-out works | S22: 051_Intermak Group | Z22: #VALUE! | AD22: + | AE22: + | AF22: + | AG22: +
A23: =+A22+1 -> 22 | B23: =COUNTIF(INDIRECT("D1:D"&ROW()-1),D23)+1 -> 7 | C23: =IF(_xlfn.IFNA(MATCH(D23,$D$1:D22,0),0)=0,MAX($C$1:C22)+1,"") | D23: KLN-SPP2-EQ-051 | E23: =_xlfn.NUMBERVALUE(RIGHT(D23,3)) -> 51 | F23: INTERMAK GROUP MMC | G23: +994102305309 | H23: 📞 | I23: 💬 | J23: EB | K23: Active | L23: =IF(OR(K23="",N23=""),"",IF(L22="",MAX(L$2:L22),L22)+1) -> 7 | M23: Mustafa Yazıcı | N23: CEPT1212 | O23: + | P23: Qayçılı səbət | Q23: Mantall | R23: Fit-out works | S23: 051_Intermak Group | Z23: #VALUE! | AD23: + | AE23: + | AF23: + | AG23: +
A24: =+A23+1 -> 23 | B24: =COUNTIF(INDIRECT("D1:D"&ROW()-1),D24)+1 -> 1 | C24: =IF(_xlfn.IFNA(MATCH(D24,$D$1:D23,0),0)=0,MAX($C$1:C23)+1,"") -> 9 | D24: KLN-SPP2-EQ-052 | E24: =_xlfn.NUMBERVALUE(RIGHT(D24,3)) -> 52 | F24: DTS MMC | J24: EB | L24: =IF(OR(K24="",N24=""),"",IF(L23="",MAX(L$2:L23),L23)+1) | N24: 10AC750 | S24: 052_DTS | U24: =HYPERLINK(subc_contr_folder_path&S24,"Open") -> Open | V24: =HYPERLINK(subc_contr_folder_path&S24&"\ipcs","Open") -> Open | W24: =HYPERLINK(subc_contr_folder_path&S24&"\ipcs\"&Y24&"\"&"log.pdf","Open") -> #VALUE! | X24: =HYPERLINK(subc_contr_folder_path&S24&"\ipcs\"&Y24&"\"&E24&"-"&Y24&".pdf","Open") -> #VALUE! | Y24: =IF(Z24="","",Z24) -> #VALUE! | Z24: #VALUE!
A25: =+A24+1 -> 24 | B25: =COUNTIF(INDIRECT("D1:D"&ROW()-1),D25)+1 -> 2 | C25: =IF(_xlfn.IFNA(MATCH(D25,$D$1:D24,0),0)=0,MAX($C$1:C24)+1,"") | D25: KLN-SPP2-EQ-052 | E25: =_xlfn.NUMBERVALUE(RIGHT(D25,3)) -> 52 | F25: DTS MMC | J25: EB | L25: =IF(OR(K25="",N25=""),"",IF(L24="",MAX(L$2:L24),L24)+1) | N25: 10BC326 | S25: 052_DTS | Y25: =IF(Z25="","",Z25) -> #VALUE! | Z25: #VALUE!
A26: =+A25+1 -> 25 | B26: =COUNTIF(INDIRECT("D1:D"&ROW()-1),D26)+1 -> 1 | C26: =IF(_xlfn.IFNA(MATCH(D26,$D$1:D25,0),0)=0,MAX($C$1:C25)+1,"") -> 10 | D26: KLN-SPP2-EQ-065 | E26: =_xlfn.NUMBERVALUE(RIGHT(D26,3)) -> 65 | F26: ETIBAR MAMMADOV | G26: +994555923919 | H26: 📞 | I26: 💬 | J26: EB | K26: Active | L26: =IF(OR(K26="",N26=""),"",IF(L25="",MAX(L$2:L25),L25)+1) -> 8 | M26: Tolga Mutlu | N26: 01BA176 | P26: Excavator | Q26: Doosan DH55-V | R26: Earthworks | S26: 065_Etibar Mammadov | U26: =HYPERLINK(subc_contr_folder_path&S26,"Open") -> Open | V26: =HYPERLINK(subc_contr_folder_path&S26&"\ipcs\"&Y26,"Open") -> #VALUE! | W26: =HYPERLINK(subc_contr_folder_path&S26&"\ipcs\"&Y26&"\"&"log.pdf","Open") -> #VALUE! | X26: =HYPERLINK(subc_contr_folder_path&S26&"\ipcs\"&Y26&"\"&E26&"-"&Y26&".pdf","Open") -> #VALUE! | Y26: =IF(Z26="","",Z26) -> #VALUE! | Z26: #VALUE! | AD26: + | AE26: + | AF26: + | AG26: + | AH26: + | AI26: + | AJ26: +
A27: =+A26+1 -> 26 | B27: =COUNTIF(INDIRECT("D1:D"&ROW()-1),D27)+1 -> 2 | C27: =IF(_xlfn.IFNA(MATCH(D27,$D$1:D26,0),0)=0,MAX($C$1:C26)+1,"") | D27: KLN-SPP2-EQ-065 | E27: =_xlfn.NUMBERVALUE(RIGHT(D27,3)) -> 65 | F27: ETIBAR MAMMADOV | G27: +994555923919 | H27: 📞 | I27: 💬 | J27: EB | L27: =IF(OR(K27="",N27=""),"",IF(L26="",MAX(L$2:L26),L26)+1) | N27: 10BD252 | P27: Loader | Q27: Liugong CLG 375A | R27: Earthworks | S27: 065_Etibar Mammadov | Y27: =IF(Z27="","",Z27) -> #VALUE! | Z27: #VALUE!
A28: =+A27+1 -> 27 | B28: =COUNTIF(INDIRECT("D1:D"&ROW()-1),D28)+1 -> 1 | C28: =IF(_xlfn.IFNA(MATCH(D28,$D$1:D27,0),0)=0,MAX($C$1:C27)+1,"") -> 11 | D28: KLN-SPP2-EQ-085 | E28: =_xlfn.NUMBERVALUE(RIGHT(D28,3)) -> 85 | F28: BABEK ALBANDOV | G28: +994773389192 | H28: 📞 | I28: 💬 | J28: EB | K28: Active | L28: =IF(OR(K28="",N28=""),"",IF(L27="",MAX(L$2:L27),L27)+1) -> 9 | M28: Cəsur | N28: 77SN951 | P28: Mobil beton nasosu | Q28: Mercedes-Benz Actros 3341 Putzmeister 38 | R28: Rough Works | S28: 085_Babek Albandov | U28: =HYPERLINK(subc_contr_folder_path&S28,"Open") -> Open | V28: =HYPERLINK(subc_contr_folder_path&S28&"\ipcs\"&Y28,"Open") -> #VALUE! | W28: =HYPERLINK(subc_contr_folder_path&S28&"\ipcs\"&Y28&"\"&"log.pdf","Open") -> #VALUE! | X28: =HYPERLINK(subc_contr_folder_path&S28&"\ipcs\"&Y28&"\"&E28&"-"&Y28&".pdf","Open") -> #VALUE! | Y28: =IF(Z28="","",Z28) -> #VALUE! | Z28: #VALUE! | AC28: çıxış | AD28: + | AE28: + | AF28: + | AG28: + | AH28: + | AI28: + | AJ28: +
A29: =+A28+1 -> 28 | B29: =COUNTIF(INDIRECT("D1:D"&ROW()-1),D29)+1 -> 1 | C29: =IF(_xlfn.IFNA(MATCH(D29,$D$1:D28,0),0)=0,MAX($C$1:C28)+1,"") -> 12 | D29: KLN-SPP2-EQ-091 | E29: =_xlfn.NUMBERVALUE(RIGHT(D29,3)) -> 91 | F29: ELSAD QULIYEV | G29: +994515992662 | H29: 📞 | I29: 💬 | J29: EB | K29: Active | L29: =IF(OR(K29="",N29=""),"",IF(L28="",MAX(L$2:L28),L28)+1) -> 10 | M29: - | N29: 90VJ454 | P29: Su tankeri | Q29: Kamaz 53-12 Ş-DƏ ATS-3613 | R29: Warehouse | S29: 091_Quliyev Elşad Ramis | U29: =HYPERLINK(subc_contr_folder_path&S29,"Open") -> Open | V29: =HYPERLINK(subc_contr_folder_path&S29&"\ipcs\"&Y29,"Open") -> #VALUE! | W29: =HYPERLINK(subc_contr_folder_path&S29&"\ipcs\"&Y29&"\"&"log.pdf","Open") -> #VALUE! | X29: =HYPERLINK(subc_contr_folder_path&S29&"\ipcs\"&Y29&"\"&E29&"-"&Y29&".pdf","Open") -> #VALUE! | Y29: =IF(Z29="","",Z29) -> #VALUE! | Z29: #VALUE! | AD29: + | AE29: + | AF29: + | AG29: + | AH29: + | AI29: + | AJ29: +
A30: =+A29+1 -> 29 | B30: =COUNTIF(INDIRECT("D1:D"&ROW()-1),D30)+1 -> 1 | C30: =IF(_xlfn.IFNA(MATCH(D30,$D$1:D29,0),0)=0,MAX($C$1:C29)+1,"") -> 13 | D30: KLN-SPP2-EQ-094 | E30: =_xlfn.NUMBERVALUE(RIGHT(D30,3)) -> 94 | F30: XANIM ABDULLAYEVA | G30: +994517928522 | H30: 📞 | I30: 💬 | J30: EB | L30: =IF(OR(K30="",N30=""),"",IF(L29="",MAX(L$2:L29),L29)+1) | N30: 01BT754 | R30: HSE | S30: 094_Abdullayeva Xanım (Rasim) | U30: =HYPERLINK(subc_contr_folder_path&S30,"Open") -> Open | V30: =HYPERLINK(subc_contr_folder_path&S30&"\ipcs","Open") -> Open | W30: =HYPERLINK(subc_contr_folder_path&S30&"\ipcs\"&Y30&"\"&"log.pdf","Open") -> #VALUE! | X30: =HYPERLINK(subc_contr_folder_path&S30&"\ipcs\"&Y30&"\"&E30&"-"&Y30&".pdf","Open") -> #VALUE! | Y30: =IF(Z30="","",Z30) -> #VALUE! | Z30: #VALUE!
A31: =+A30+1 -> 30 | B31: =COUNTIF(INDIRECT("D1:D"&ROW()-1),D31)+1 -> 2 | C31: =IF(_xlfn.IFNA(MATCH(D31,$D$1:D30,0),0)=0,MAX($C$1:C30)+1,"") | D31: KLN-SPP2-EQ-094 | E31: =_xlfn.NUMBERVALUE(RIGHT(D31,3)) -> 94 | F31: XANIM ABDULLAYEVA | G31: +994517928522 | H31: 📞 | I31: 💬 | J31: EB | L31: =IF(OR(K31="",N31=""),"",IF(L30="",MAX(L$2:L30),L30)+1) | N31: 54BM823 | R31: HSE | S31: 094_Abdullayeva Xanım (Rasim) | Y31: =IF(Z31="","",Z31) -> #VALUE! | Z31: #VALUE!
A32: =+A31+1 -> 31 | B32: =COUNTIF(INDIRECT("D1:D"&ROW()-1),D32)+1 -> 1 | C32: =IF(_xlfn.IFNA(MATCH(D32,$D$1:D31,0),0)=0,MAX($C$1:C31)+1,"") -> 14 | D32: KLN-SPP2-EQ-095 | E32: =_xlfn.NUMBERVALUE(RIGHT(D32,3)) -> 95 | F32: IBRAHIM XALILOV | G32: +994502324211 | H32: 📞 | I32: 💬 | J32: EB | K32: Active | L32: =IF(OR(K32="",N32=""),"",IF(L31="",MAX(L$2:L31),L31)+1) -> 11 | M32: Tolga Mutlu | N32: 54BA209 | P32: Ekskavator | Q32: Hidromek HMK 200W-2 | R32: Earthworks | S32: 095_Xəlilov İbrahim | U32: =HYPERLINK(subc_contr_folder_path&S32,"Open") -> Open | V32: =HYPERLINK(subc_contr_folder_path&S32&"\ipcs\"&Y32,"Open") -> #VALUE! | W32: =HYPERLINK(subc_contr_folder_path&S32&"\ipcs\"&Y32&"\"&"log.pdf","Open") -> #VALUE! | X32: =HYPERLINK(subc_contr_folder_path&S32&"\ipcs\"&Y32&"\"&E32&"-"&Y32&".pdf","Open") -> #VALUE! | Y32: =IF(Z32="","",Z32) -> #VALUE! | Z32: #VALUE! | AD32: + | AE32: + | AF32: + | AG32: + | AH32: + | AI32: + | AJ32: +
A33: =+A32+1 -> 32 | B33: =COUNTIF(INDIRECT("D1:D"&ROW()-1),D33)+1 -> 1 | C33: =IF(_xlfn.IFNA(MATCH(D33,$D$1:D32,0),0)=0,MAX($C$1:C32)+1,"") -> 15 | D33: KLN-SPP2-EQ-098 | E33: =_xlfn.NUMBERVALUE(RIGHT(D33,3)) -> 98 | F33: HACIAGA KERIMOV | G33: +994503466032 | H33: 📞 | I33: 💬 | J33: EB | K33: Active | L33: =IF(OR(K33="",N33=""),"",IF(L32="",MAX(L$2:L32),L32)+1) -> 12 | M33: Mustafa Yazıcı | N33: 50BD416 | O33: + | P33: Dartıcı | Q33: KAMAZ 5410 | R33: Rough works | S33: 098_Kərimov Hacıağa | U33: =HYPERLINK(subc_contr_folder_path&S33,"Open") -> Open | V33: =HYPERLINK(subc_contr_folder_path&S33&"\ipcs\"&Y33,"Open") -> #VALUE! | W33: =HYPERLINK(subc_contr_folder_path&S33&"\ipcs\"&Y33&"\"&"log.pdf","Open") -> #VALUE! | X33: =HYPERLINK(subc_contr_folder_path&S33&"\ipcs\"&Y33&"\"&E33&"-"&Y33&".pdf","Open") -> #VALUE! | Y33: =IF(Z33="","",Z33) -> #VALUE! | Z33: #VALUE! | AD33: + | AE33: + | AF33: + | AG33: + | AH33: + | AI33: + | AJ33: +
A34: =+A33+1 -> 33 | B34: =COUNTIF(INDIRECT("D1:D"&ROW()-1),D34)+1 -> 1 | C34: =IF(_xlfn.IFNA(MATCH(D34,$D$1:D33,0),0)=0,MAX($C$1:C33)+1,"") -> 16 | D34: KLN-SPP2-EQ-099 | E34: =_xlfn.NUMBERVALUE(RIGHT(D34,3)) -> 99 | F34: YUSIF MAHARRAMOV | G34: +994559997804 | H34: 📞 | I34: 💬 | J34: EB | L34: =IF(OR(K34="",N34=""),"",IF(L33="",MAX(L$2:L33),L33)+1) | N34: 50BX301 | R34: HSE | S34: 099_Maharramov Yusif Qurban oğlu | U34: =HYPERLINK(subc_contr_folder_path&S34,"Open") -> Open | V34: =HYPERLINK(subc_contr_folder_path&S34&"\ipcs","Open") -> Open | W34: =HYPERLINK(subc_contr_folder_path&S34&"\ipcs\"&Y34&"\"&"log.pdf","Open") -> #VALUE! | X34: =HYPERLINK(subc_contr_folder_path&S34&"\ipcs\"&Y34&"\"&E34&"-"&Y34&".pdf","Open") -> #VALUE! | Y34: =IF(Z34="","",Z34) -> #VALUE! | Z34: #VALUE!
A35: =+A34+1 -> 34 | B35: =COUNTIF(INDIRECT("D1:D"&ROW()-1),D35)+1 -> 1 | C35: =IF(_xlfn.IFNA(MATCH(D35,$D$1:D34,0),0)=0,MAX($C$1:C34)+1,"") -> 17 | D35: KLN-SPP2-EQ-100 | E35: =_xlfn.NUMBERVALUE(RIGHT(D35,3)) -> 100 | F35: RUSLAN HUSEYNOV | G35: +994552212085 | H35: 📞 | I35: 💬 | J35: EB | K35: Active | L35: =IF(OR(K35="",N35=""),"",IF(L34="",MAX(L$2:L34),L34)+1) -> 13 | M35: Tolga Mutlu | N35: 22AB273 | P35: Excavator | Q35: Hitachi ZX48U-3 | R35: Earthworks | S35: 100_Hüseyinov Ruslan | U35: =HYPERLINK(subc_contr_folder_path&S35,"Open") -> Open | V35: =HYPERLINK(subc_contr_folder_path&S35&"\ipcs\"&Y35,"Open") -> #VALUE! | W35: =HYPERLINK(subc_contr_folder_path&S35&"\ipcs\"&Y35&"\"&"log.pdf","Open") -> #VALUE! | X35: =HYPERLINK(subc_contr_folder_path&S35&"\ipcs\"&Y35&"\"&E35&"-"&Y35&".pdf","Open") -> #VALUE! | Y35: =IF(Z35="","",Z35) -> #VALUE! | Z35: #VALUE! | AD35: + | AE35: + | AF35: + | AG35: + | AH35: + | AI35: + | AJ35: +
A36: =+A35+1 -> 35 | B36: =COUNTIF(INDIRECT("D1:D"&ROW()-1),D36)+1 -> 2 | C36: =IF(_xlfn.IFNA(MATCH(D36,$D$1:D35,0),0)=0,MAX($C$1:C35)+1,"") | D36: KLN-SPP2-EQ-100 | E36: =_xlfn.NUMBERVALUE(RIGHT(D36,3)) -> 100 | F36: RUSLAN HUSEYINOV | G36: +994552212085 | H36: 📞 | I36: 💬 | J36: EB | K36: Active | L36: =IF(OR(K36="",N36=""),"",IF(L35="",MAX(L$2:L35),L35)+1) -> 14 | M36: Tolga Mutlu | N36: 22AB283 | P36: Excavator | Q36: AUSA MH 15 | R36: Earthworks | S36: 100_Hüseyinov Ruslan | Z36: #VALUE! | AD36: + | AE36: + | AF36: + | AG36: +
A37: =+A36+1 -> 36 | B37: =COUNTIF(INDIRECT("D1:D"&ROW()-1),D37)+1 -> 1 | C37: =IF(_xlfn.IFNA(MATCH(D37,$D$1:D36,0),0)=0,MAX($C$1:C36)+1,"") -> 18 | D37: KLN-SPP2-EQ-102 | E37: =_xlfn.NUMBERVALUE(RIGHT(D37,3)) -> 102 | F37: KONUL HUSEYNOVA | G37: +994517928522 | H37: 📞 | I37: 💬 | J37: EB | K37: Active | L37: =IF(OR(K37="",N37=""),"",IF(L36="",MAX(L$2:L36),L36)+1) -> 15 | M37: Azər Əbilov | N37: 10MF640 | P37: Su tankeri | Q37: KAMAZ 55111 | R37: Rough Works | S37: 102_Huseynova Konul | U37: =HYPERLINK(subc_contr_folder_path&S37,"Open") -> Open | V37: =HYPERLINK(subc_contr_folder_path&S37&"\ipcs\"&Y37,"Open") -> #VALUE! | W37: =HYPERLINK(subc_contr_folder_path&S37&"\ipcs\"&Y37&"\"&"log.pdf","Open") -> #VALUE! | X37: =HYPERLINK(subc_contr_folder_path&S37&"\ipcs\"&Y37&"\"&E37&"-"&Y37&".pdf","Open") -> #VALUE! | Y37: =IF(Z37="","",Z37) -> #VALUE! | Z37: #VALUE! | AC37: + | AD37: + | AE37: + | AF37: + | AG37: + | AH37: + | AI37: +
A38: =+A37+1 -> 37 | B38: =COUNTIF(INDIRECT("D1:D"&ROW()-1),D38)+1 -> 2 | C38: =IF(_xlfn.IFNA(MATCH(D38,$D$1:D37,0),0)=0,MAX($C$1:C37)+1,"") | D38: KLN-SPP2-EQ-102 | E38: =_xlfn.NUMBERVALUE(RIGHT(D38,3)) -> 102 | F38: KONUL HUSEYNOVA | G38: +994517928522 | H38: 📞 | I38: 💬 | J38: EB | L38: =IF(OR(K38="",N38=""),"",IF(L37="",MAX(L$2:L37),L37)+1) | N38: 99HQ687 | R38: HSE | S38: 102_Huseynova Konul | Y38: =IF(Z38="","",Z38) -> #VALUE! | Z38: #VALUE!
A39: =+A38+1 -> 38 | B39: =COUNTIF(INDIRECT("D1:D"&ROW()-1),D39)+1 -> 3 | C39: =IF(_xlfn.IFNA(MATCH(D39,$D$1:D38,0),0)=0,MAX($C$1:C38)+1,"") | D39: KLN-SPP2-EQ-102 | E39: =_xlfn.NUMBERVALUE(RIGHT(D39,3)) -> 102 | F39: KONUL HUSEYNOVA | G39: +994517928522 | H39: 📞 | I39: 💬 | J39: EB | K39: Active | L39: =IF(OR(K39="",N39=""),"",IF(L38="",MAX(L$2:L38),L38)+1) -> 16 | M39: Tuncay Aktaş | N39: 54BM823 | P39: Su tankeri | Q39: KAMAZ | R39: HSE | S39: 102_Huseynova Konul | Z39: #VALUE! | AD39: + | AE39: + | AF39: + | AG39: +
A40: =+A39+1 -> 39 | B40: =COUNTIF(INDIRECT("D1:D"&ROW()-1),D40)+1 -> 4 | C40: =IF(_xlfn.IFNA(MATCH(D40,$D$1:D39,0),0)=0,MAX($C$1:C39)+1,"") | D40: KLN-SPP2-EQ-102 | E40: =_xlfn.NUMBERVALUE(RIGHT(D40,3)) -> 102 | F40: KONUL HUSEYNOVA | G40: +994517928522 | H40: 📞 | I40: 💬 | J40: EB | K40: Active | L40: =IF(OR(K40="",N40=""),"",IF(L39="",MAX(L$2:L39),L39)+1) -> 17 | M40: Tuncay Aktaş | N40: 01BT754 | P40: Su tankeri | Q40: KAMAZ | R40: HSE | S40: 102_Huseynova Konul | Z40: #VALUE! | AD40: + | AE40: + | AF40: + | AG40: +
A41: =+A40+1 -> 40 | B41: =COUNTIF(INDIRECT("D1:D"&ROW()-1),D41)+1 -> 1 | C41: =IF(_xlfn.IFNA(MATCH(D41,$D$1:D40,0),0)=0,MAX($C$1:C40)+1,"") -> 19 | D41: KLN-SPP2-QM-103 | E41: =_xlfn.NUMBERVALUE(RIGHT(D41,3)) -> 103 | F41: BUREAU VERITAS AZERI MMC | J41: EB | L41: =IF(OR(K41="",N41=""),"",IF(L40="",MAX(L$2:L40),L40)+1) | S41: 103_Büro Veritas Azeri MMC | U41: =HYPERLINK(subc_contr_folder_path&S41,"Open") -> Open | V41: =HYPERLINK(subc_contr_folder_path&S41&"\ipcs","Open") -> Open | W41: =HYPERLINK(subc_contr_folder_path&S41&"\ipcs\"&Y41&"\"&"log.pdf","Open") -> #VALUE! | X41: =HYPERLINK(subc_contr_folder_path&S41&"\ipcs\"&Y41&"\"&E41&"-"&Y41&".pdf","Open") -> #VALUE! | Y41: =IF(Z41="","",Z41) -> #VALUE! | Z41: #VALUE!
A42: =+A41+1 -> 41 | B42: =COUNTIF(INDIRECT("D1:D"&ROW()-1),D42)+1 -> 1 | C42: =IF(_xlfn.IFNA(MATCH(D42,$D$1:D41,0),0)=0,MAX($C$1:C41)+1,"") -> 20 | D42: KLN-SPP2-QM-107 | E42: =_xlfn.NUMBERVALUE(RIGHT(D42,3)) -> 107 | F42: QUALIFY MMC | G42: +994708207470 | H42: 📞 | I42: 💬 | J42: EB | L42: =IF(OR(K42="",N42=""),"",IF(L41="",MAX(L$2:L41),L41)+1) | P42: Quality test | R42: QA/QC | S42: 107_Qualify | U42: =HYPERLINK(subc_contr_folder_path&S42,"Open") -> Open | V42: =HYPERLINK(subc_contr_folder_path&S42&"\ipcs","Open") -> Open | W42: =HYPERLINK(subc_contr_folder_path&S42&"\ipcs\"&Y42&"\"&"log.pdf","Open") -> #VALUE! | X42: =HYPERLINK(subc_contr_folder_path&S42&"\ipcs\"&Y42&"\"&E42&"-"&Y42&".pdf","Open") -> #VALUE! | Y42: =IF(Z42="","",Z42) -> #VALUE! | Z42: #VALUE!
A43: =+A42+1 -> 42 | B43: =COUNTIF(INDIRECT("D1:D"&ROW()-1),D43)+1 -> 1 | C43: =IF(_xlfn.IFNA(MATCH(D43,$D$1:D42,0),0)=0,MAX($C$1:C42)+1,"") -> 21 | D43: KLN-SPP2-EQ-110 | E43: =_xlfn.NUMBERVALUE(RIGHT(D43,3)) -> 110 | F43: MAMMAD QALANDARLI | G43: +994502490088 | H43: 📞 | I43: 💬 | J43: EB | L43: =IF(OR(K43="",N43=""),"",IF(L42="",MAX(L$2:L42),L42)+1) | M43: Cəsur | N43: 99XC106 | P43: Kran | Q43: MERCEDES BENZ YÜK Hi-up | R43: Rough Works | S43: 110_Qalandarli Mammad | U43: =HYPERLINK(subc_contr_folder_path&S43,"Open") -> Open | V43: =HYPERLINK(subc_contr_folder_path&S43&"\ipcs\"&Y43,"Open") -> Open | W43: =HYPERLINK(subc_contr_folder_path&S43&"\ipcs\"&Y43&"\"&"log.pdf","Open") -> Open | X43: =HYPERLINK(subc_contr_folder_path&S43&"\ipcs\"&Y43&"\"&E43&"-"&Y43&".pdf","Open") -> Open | Y43: 1 | Z43: #VALUE!
A44: =+A43+1 -> 43 | B44: =COUNTIF(INDIRECT("D1:D"&ROW()-1),D44)+1 -> 1 | C44: =IF(_xlfn.IFNA(MATCH(D44,$D$1:D43,0),0)=0,MAX($C$1:C43)+1,"") -> 22 | D44: KLN-SPP2-EQ-115 | E44: =_xlfn.NUMBERVALUE(RIGHT(D44,3)) -> 115 | F44: GULANA HUSEYNOVA | J44: EB | L44: =IF(OR(K44="",N44=""),"",IF(L43="",MAX(L$2:L43),L43)+1) | S44: 115_Gülanə Hüseynova | U44: =HYPERLINK(subc_contr_folder_path&S44,"Open") -> Open | V44: =HYPERLINK(subc_contr_folder_path&S44&"\ipcs","Open") -> Open | W44: =HYPERLINK(subc_contr_folder_path&S44&"\ipcs\"&Y44&"\"&"log.pdf","Open") -> #VALUE! | X44: =HYPERLINK(subc_contr_folder_path&S44&"\ipcs\"&Y44&"\"&E44&"-"&Y44&".pdf","Open") -> #VALUE! | Y44: =IF(Z44="","",Z44) -> #VALUE! | Z44: #VALUE!
A45: =+A44+1 -> 44 | B45: =COUNTIF(INDIRECT("D1:D"&ROW()-1),D45)+1 -> 1 | C45: =IF(_xlfn.IFNA(MATCH(D45,$D$1:D44,0),0)=0,MAX($C$1:C44)+1,"") -> 23 | D45: KLN-SPP2-EQ-121 | E45: =_xlfn.NUMBERVALUE(RIGHT(D45,3)) -> 121 | F45: TEYMUR ABBASOV | G45: +994503851015 | H45: 📞 | I45: 💬 | J45: EB | K45: Active | L45: =IF(OR(K45="",N45=""),"",IF(L44="",MAX(L$2:L44),L44)+1) -> 18 | M45: Mustafa Yazıcı | N45: 11BC843 | O45: + | P45: Dartıcı | Q45: KAMAZ 5410 | R45: Rough works | S45: 121_Abbasov Teymur | U45: =HYPERLINK(subc_contr_folder_path&S45,"Open") -> Open | V45: =HYPERLINK(subc_contr_folder_path&S45&"\ipcs\"&Y45,"Open") -> #VALUE! | W45: =HYPERLINK(subc_contr_folder_path&S45&"\ipcs\"&Y45&"\"&"log.pdf","Open") -> #VALUE! | X45: =HYPERLINK(subc_contr_folder_path&S45&"\ipcs\"&Y45&"\"&E45&"-"&Y45&".pdf","Open") -> #VALUE! | Y45: =IF(Z45="","",Z45) -> #VALUE! | Z45: #VALUE! | AD45: + | AE45: + | AF45: + | AG45: + | AH45: + | AI45: + | AJ45: +
A46: =+A45+1 -> 45 | B46: =COUNTIF(INDIRECT("D1:D"&ROW()-1),D46)+1 -> 1 | C46: =IF(_xlfn.IFNA(MATCH(D46,$D$1:D45,0),0)=0,MAX($C$1:C45)+1,"") -> 24 | D46: KLN-SPP2-FW-124 | E46: =_xlfn.NUMBERVALUE(RIGHT(D46,3)) -> 124 | F46: QAFQAZ AZE MMC | J46: EB | L46: =IF(OR(K46="",N46=""),"",IF(L45="",MAX(L$2:L45),L45)+1) | S46: 124_Qafqaz AZE İnşaat (Finishing Works) | U46: =HYPERLINK(subc_contr_folder_path&S46,"Open") -> Open | V46: =HYPERLINK(subc_contr_folder_path&S46&"\ipcs","Open") -> Open | W46: =HYPERLINK(subc_contr_folder_path&S46&"\ipcs\"&Y46&"\"&"log.pdf","Open") -> #VALUE! | X46: =HYPERLINK(subc_contr_folder_path&S46&"\ipcs\"&Y46&"\"&E46&"-"&Y46&".pdf","Open") -> #VALUE! | Y46: =IF(Z46="","",Z46) -> #VALUE! | Z46: #VALUE!
A47: =+A46+1 -> 46 | B47: =COUNTIF(INDIRECT("D1:D"&ROW()-1),D47)+1 -> 1 | C47: =IF(_xlfn.IFNA(MATCH(D47,$D$1:D46,0),0)=0,MAX($C$1:C46)+1,"") -> 25 | D47: KLN-SPP2-EQ-141 | E47: =_xlfn.NUMBERVALUE(RIGHT(D47,3)) -> 141 | F47: MIRELEM CABBROV | G47: +994503462100 | H47: 📞 | I47: 💬 | J47: EB | K47: Active | L47: =IF(OR(K47="",N47=""),"",IF(L46="",MAX(L$2:L46),L46)+1) -> 19 | M47: Tolga Mutlu | N47: 10V288 | P47: Roller | Q47: BOMAG BW-141AD-4 | R47: Earthworks | S47: 141_Cabbarov Mirelem_(Asfalt Silindir) | U47: =HYPERLINK(subc_contr_folder_path&S47,"Open") -> Open | V47: =HYPERLINK(subc_contr_folder_path&S47&"\ipcs\"&Y47,"Open") -> #VALUE! | W47: =HYPERLINK(subc_contr_folder_path&S47&"\ipcs\"&Y47&"\"&"log.pdf","Open") -> #VALUE! | X47: =HYPERLINK(subc_contr_folder_path&S47&"\ipcs\"&Y47&"\"&E47&"-"&Y47&".pdf","Open") -> #VALUE! | Y47: =IF(Z47="","",Z47) -> #VALUE! | Z47: #VALUE! | AD47: + | AE47: + | AF47: + | AG47: + | AH47: + | AI47: + | AJ47: +
A48: =+A47+1 -> 47 | B48: =COUNTIF(INDIRECT("D1:D"&ROW()-1),D48)+1 -> 1 | C48: =IF(_xlfn.IFNA(MATCH(D48,$D$1:D47,0),0)=0,MAX($C$1:C47)+1,"") -> 26 | D48: KLN-SPP2-CW-150 | E48: =_xlfn.NUMBERVALUE(RIGHT(D48,3)) -> 150 | F48: AS RT MMC | G48: +994506142283 | H48: 📞 | I48: 💬 | J48: EB | K48: Active | L48: =IF(OR(K48="",N48=""),"",IF(L47="",MAX(L$2:L47),L47)+1) | M48: Hakan Alkan | R48: QA/QC | S48: 150_AS RT MMC | U48: =HYPERLINK(subc_contr_folder_path&S48,"Open") -> Open | V48: =HYPERLINK(subc_contr_folder_path&S48&"\ipcs","Open") -> Open | W48: =HYPERLINK(subc_contr_folder_path&S48&"\ipcs\"&Y48&"\"&"log.pdf","Open") -> #VALUE! | X48: =HYPERLINK(subc_contr_folder_path&S48&"\ipcs\"&Y48&"\"&E48&"-"&Y48&".pdf","Open") -> #VALUE! | Y48: =IF(Z48="","",Z48) -> #VALUE! | Z48: #VALUE! | AB48: contract no S1&2 | AD48: + | AE48: + | AF48: + | AG48: + | AH48: + | AI48: + | AJ48: +
A49: =+A48+1 -> 48 | B49: =COUNTIF(INDIRECT("D1:D"&ROW()-1),D49)+1 -> 1 | C49: =IF(_xlfn.IFNA(MATCH(D49,$D$1:D48,0),0)=0,MAX($C$1:C48)+1,"") -> 27 | D49: KLN-SPP2-EQ-117 | E49: 117 | F49: Mehdiyeva Səadət | G49: +994554528304 | H49: 📞 | I49: 💬 | J49: DY | K49: Active | L49: =IF(OR(K49="",N49=""),"",IF(L48="",MAX(L$2:L48),L48)+1) -> 20 | M49: Mustafa Yazıcı | N49: 10BA480 | P49: Excavator | Q49: Doosan Solar 210-W-V lastikli ekskavatör | R49: Earthworks | S49: 117_Mehdiyeva Səadət | U49: =HYPERLINK(subc_contr_folder_path&S49,"Open") -> Open | V49: =HYPERLINK(subc_contr_folder_path&S49&"\ipcs","Open") -> Open | W49: =HYPERLINK(subc_contr_folder_path&S49&"\ipcs\"&Y49&"\"&"log.pdf","Open") -> #VALUE! | X49: =HYPERLINK(subc_contr_folder_path&S49&"\ipcs\"&Y49&"\"&E49&"-"&Y49&".pdf","Open") -> #VALUE! | Y49: =IF(Z49="","",Z49) -> #VALUE! | Z49: #VALUE! | AC49: + | AD49: + | AE49: + | AF49: + | AG49: + | AH49: + | AI49: +
A50: =+A49+1 -> 49 | B50: =COUNTIF(INDIRECT("D1:D"&ROW()-1),D50)+1 -> 1 | C50: =IF(_xlfn.IFNA(MATCH(D50,$D$1:D49,0),0)=0,MAX($C$1:C49)+1,"") -> 28 | D50: KLN-SPP2-EQ-163 | E50: =_xlfn.NUMBERVALUE(RIGHT(D50,3)) -> 163 | F50: Əsgərov Yaşar | G50: +994558864957 | H50: 📞 | I50: 💬 | J50: EB | K50: Active | L50: =IF(OR(K50="",N50=""),"",IF(L49="",MAX(L$2:L49),L49)+1) -> 21 | M50: Azər Əbilov | N50: 110FA930 | O50: + | P50: Bekoloader | Q50: Komatsu | R50: Infrastructure | S50: 163_Əsgərov Yaşar | U50: =HYPERLINK(subc_contr_folder_path&S50,"Open") -> Open | V50: =HYPERLINK(subc_contr_folder_path&S50&"\ipcs\"&Y50,"Open") -> #VALUE! | W50: =HYPERLINK(subc_contr_folder_path&S50&"\ipcs\"&Y50&"\"&"log.pdf","Open") -> #VALUE! | X50: =HYPERLINK(subc_contr_folder_path&S50&"\ipcs\"&Y50&"\"&E50&"-"&Y50&".pdf","Open") -> #VALUE! | Y50: =IF(Z50="","",Z50) -> #VALUE! | Z50: #VALUE! | AD50: + | AE50: + | AF50: + | AG50: + | AH50: + | AI50: + | AJ50: +
A51: =+A50+1 -> 50 | B51: =COUNTIF(INDIRECT("D1:D"&ROW()-1),D51)+1 -> 1 | C51: =IF(_xlfn.IFNA(MATCH(D51,$D$1:D50,0),0)=0,MAX($C$1:C50)+1,"") -> 29 | D51: KLN-SPP2-EQ-164 | E51: =_xlfn.NUMBERVALUE(RIGHT(D51,3)) -> 164 | F51: Əliyev Fizuli | G51: +994555711494 | H51: 📞 | I51: 💬 | J51: EB | L51: =IF(OR(K51="",N51=""),"",IF(L50="",MAX(L$2:L50),L50)+1) | M51: Cəsur | N51: 77DN323 | P51: Beton nasosu | Q51: MERCEDES BENZ ACTROS 4141 | R51: Rough Works | S51: 164_Əliyev Fizuli | U51: =HYPERLINK(subc_contr_folder_path&S51,"Open") -> Open | V51: =HYPERLINK(subc_contr_folder_path&S51&"\ipcs\"&Y51,"Open") -> #VALUE! | W51: =HYPERLINK(subc_contr_folder_path&S51&"\ipcs\"&Y51&"\"&"log.pdf","Open") -> #VALUE! | X51: =HYPERLINK(subc_contr_folder_path&S51&"\ipcs\"&Y51&"\"&E51&"-"&Y51&".pdf","Open") -> #VALUE! | Y51: =IF(Z51="","",Z51) -> #VALUE! | Z51: #VALUE!
A52: =+A51+1 -> 51 | B52: =COUNTIF(INDIRECT("D1:D"&ROW()-1),D52)+1 -> 1 | C52: =IF(_xlfn.IFNA(MATCH(D52,$D$1:D51,0),0)=0,MAX($C$1:C51)+1,"") -> 30 | D52: KLN-SPP2-EQ-172 | E52: =_xlfn.NUMBERVALUE(RIGHT(D52,3)) -> 172 | F52: Mahmudov Rüstəm | G52: +994555155362 | H52: 📞 | I52: 💬 | J52: EB | L52: =IF(OR(K52="",N52=""),"",IF(L51="",MAX(L$2:L51),L51)+1) | M52: Tolga Mutlu | N52: 22T727 | P52: Excavator | Q52: NEW HOLLAND E35B SR | R52: Earthworks | S52: 172_Mahmudov Rüstəm | U52: =HYPERLINK(subc_contr_folder_path&S52,"Open") -> Open | V52: =HYPERLINK(subc_contr_folder_path&S52&"\ipcs\"&Y52,"Open") -> #VALUE! | W52: =HYPERLINK(subc_contr_folder_path&S52&"\ipcs\"&Y52&"\"&"log.pdf","Open") -> #VALUE! | X52: =HYPERLINK(subc_contr_folder_path&S52&"\ipcs\"&Y52&"\"&E52&"-"&Y52&".pdf","Open") -> #VALUE! | Y52: =IF(Z52="","",Z52) -> #VALUE! | Z52: #VALUE!
A53: =+A52+1 -> 52 | B53: =COUNTIF(INDIRECT("D1:D"&ROW()-1),D53)+1 -> 1 | C53: =IF(_xlfn.IFNA(MATCH(D53,$D$1:D52,0),0)=0,MAX($C$1:C52)+1,"") -> 31 | D53: KLN-SPP2-EQ-173 | E53: =_xlfn.NUMBERVALUE(RIGHT(D53,3)) -> 173 | F53: Hüseynov Pərviz | G53: +994556519191 | H53: 📞 | I53: 💬 | J53: EB | K53: Active | L53: =IF(OR(K53="",N53=""),"",IF(L52="",MAX(L$2:L52),L52)+1) -> 22 | M53: Cəsur | N53: 99BQ963 | P53: Beton nasosu | Q53: DONG FENG DFL 1120B13 | R53: Rough Works | S53: 173_Hüseynov Pərviz | U53: =HYPERLINK(subc_contr_folder_path&S53,"Open") -> Open | V53: =HYPERLINK(subc_contr_folder_path&S53&"\ipcs\"&Y53,"Open") -> #VALUE! | W53: =HYPERLINK(subc_contr_folder_path&S53&"\ipcs\"&Y53&"\"&"log.pdf","Open") -> #VALUE! | X53: =HYPERLINK(subc_contr_folder_path&S53&"\ipcs\"&Y53&"\"&E53&"-"&Y53&".pdf","Open") -> #VALUE! | Y53: =IF(Z53="","",Z53) -> #VALUE! | Z53: #VALUE! | AD53: + | AE53: + | AF53: + | AG53: + | AH53: + | AI53: + | AJ53: +
A54: =+A53+1 -> 53 | B54: =COUNTIF(INDIRECT("D1:D"&ROW()-1),D54)+1 -> 1 | C54: =IF(_xlfn.IFNA(MATCH(D54,$D$1:D53,0),0)=0,MAX($C$1:C53)+1,"") -> 32 | D54: KLN-SPP2-EQ-179 | E54: =_xlfn.NUMBERVALUE(RIGHT(D54,3)) -> 179 | F54: INFRACON | G54: '+994502424644 | H54: 📞 | I54: 💬 | J54: EB | K54: Active | L54: =IF(OR(K54="",N54=""),"",IF(L53="",MAX(L$2:L53),L53)+1) -> 23 | M54: Azər Əbilov | N54: 10O046 | P54: Excavator | Q54: CAT 428F CRS70595 | R54: Electrical | S54: 179_INFRACON | U54: =HYPERLINK(subc_contr_folder_path&S54,"Open") -> Open | V54: =HYPERLINK(subc_contr_folder_path&S54&"\ipcs\"&Y54,"Open") -> #VALUE! | W54: =HYPERLINK(subc_contr_folder_path&S54&"\ipcs\"&Y54&"\"&"log.pdf","Open") -> #VALUE! | X54: =HYPERLINK(subc_contr_folder_path&S54&"\ipcs\"&Y54&"\"&E54&"-"&Y54&".pdf","Open") -> #VALUE! | Y54: =IF(Z54="","",Z54) -> #VALUE! | Z54: #VALUE! | AD54: + | AE54: + | AF54: + | AG54: + | AH54: + | AI54: + | AJ54: +
A55: =+A54+1 -> 54 | B55: =COUNTIF(INDIRECT("D1:D"&ROW()-1),D55)+1 -> 1 | C55: =IF(_xlfn.IFNA(MATCH(D55,$D$1:D54,0),0)=0,MAX($C$1:C54)+1,"") -> 33 | D55: KLN-SPP2-EQ-182 | E55: =_xlfn.NUMBERVALUE(RIGHT(D55,3)) -> 182 | F55: Rüstəmov Sakit | G55: +994772954541 | H55: 📞 | I55: 💬 | J55: EB | K55: Active | L55: =IF(OR(K55="",N55=""),"",IF(L54="",MAX(L$2:L54),L54)+1) -> 24 | M55: Mustafa Yazıcı | N55: 77VS178 | O55: + | P55: Avtosəbət | Q55: HYUNDAI, HD78 | R55: Fit-out works | S55: 182_Rüstəmov Sakit | U55: =HYPERLINK(subc_contr_folder_path&S55,"Open") -> Open | V55: =HYPERLINK(subc_contr_folder_path&S55&"\ipcs\"&Y55,"Open") -> #VALUE! | W55: =HYPERLINK(subc_contr_folder_path&S55&"\ipcs\"&Y55&"\"&"log.pdf","Open") -> #VALUE! | X55: =HYPERLINK(subc_contr_folder_path&S55&"\ipcs\"&Y55&"\"&E55&"-"&Y55&".pdf","Open") -> #VALUE! | Y55: =IF(Z55="","",Z55) -> #VALUE! | Z55: #VALUE! | AD55: + | AE55: + | AF55: + | AG55: + | AH55: + | AI55: + | AJ55: +
A56: =+A55+1 -> 55 | B56: =COUNTIF(INDIRECT("D1:D"&ROW()-1),D56)+1 -> 2 | C56: =IF(_xlfn.IFNA(MATCH(D56,$D$1:D55,0),0)=0,MAX($C$1:C55)+1,"") | D56: KLN-SPP2-EQ-182 | E56: =_xlfn.NUMBERVALUE(RIGHT(D56,3)) -> 182 | F56: Rüstəmov Sakit | G56: +994772954541 | H56: 📞 | I56: 💬 | J56: EB | K56: Active | L56: =IF(OR(K56="",N56=""),"",IF(L55="",MAX(L$2:L55),L55)+1) -> 25 | M56: Mustafa Yazıcı | N56: 77MD834 | O56: + | P56: Avtosəbət | Q56: MAN, TGL 8.240 4X2BL | R56: Fit-out works | S56: 182_Rüstəmov Sakit | Y56: =IF(Z56="","",Z56) -> #VALUE! | Z56: #VALUE! | AD56: + | AE56: + | AF56: +
A57: =+A56+1 -> 56 | B57: =COUNTIF(INDIRECT("D1:D"&ROW()-1),D57)+1 -> 1 | C57: =IF(_xlfn.IFNA(MATCH(D57,$D$1:D56,0),0)=0,MAX($C$1:C56)+1,"") -> 34 | D57: KLN-SPP2-CW-007 | E57: 7 | F57: RAMIL SAFAROV | G57: +994552551010 | H57: 📞 | I57: 💬 | J57: DY | K57: Active | L57: =IF(OR(K57="",N57=""),"",IF(L56="",MAX(L$2:L56),L56)+1) -> 26 | M57: Mustafa Yazıcı | N57: 99XQ714 | P57: TIR | Q57: WIELTON NS34S TIR | R57: Warehouse | S57: 007_Ramil Safarov | U57: =HYPERLINK(subc_contr_folder_path&S57,"Open") -> Open | V57: =HYPERLINK(subc_contr_folder_path&S57&"\ipcs\"&Y57,"Open") -> #VALUE! | W57: =HYPERLINK(subc_contr_folder_path&S57&"\ipcs\"&Y57&"\"&"log.pdf","Open") -> #VALUE! | X57: =HYPERLINK(subc_contr_folder_path&S57&"\ipcs\"&Y57&"\"&E57&"-"&Y57&".pdf","Open") -> #VALUE! | Y57: =IF(Z57="","",Z57) -> #VALUE! | Z57: #VALUE! | AC57: +
A58: =+A57+1 -> 57 | B58: =COUNTIF(INDIRECT("D1:D"&ROW()-1),D58)+1 -> 2 | C58: =IF(_xlfn.IFNA(MATCH(D58,$D$1:D57,0),0)=0,MAX($C$1:C57)+1,"") | D58: KLN-SPP2-CW-007 | E58: 7 | F58: RAMIL SAFAROV | J58: EB | K58: Active | L58: =IF(OR(K58="",N58=""),"",IF(L57="",MAX(L$2:L57),L57)+1) | P58: Transportation | R58: Warehouse | S58: 007_Ramil Safarov | Y58: =IF(Z58="","",Z58) -> #VALUE! | Z58: #VALUE!
A59: =+A58+1 -> 58 | B59: =COUNTIF(INDIRECT("D1:D"&ROW()-1),D59)+1 -> 1 | C59: =IF(_xlfn.IFNA(MATCH(D59,$D$1:D58,0),0)=0,MAX($C$1:C58)+1,"") -> 35 | D59: KLN-SPP2-AA-017 | E59: 17 | F59: VUSAL NACAFOV | J59: DY | K59: Active | L59: =IF(OR(K59="",N59=""),"",IF(L58="",MAX(L$2:L58),L58)+1) | P59: Waste Water Management | R59: Administration | S59: 017_Vusal Nacafov | U59: =HYPERLINK(subc_contr_folder_path&S59,"Open") -> Open | V59: =HYPERLINK(subc_contr_folder_path&S59&"\ipcs\"&Y59,"Open") -> #VALUE! | W59: =HYPERLINK(subc_contr_folder_path&S59&"\ipcs\"&Y59&"\"&"log.pdf","Open") -> #VALUE! | X59: =HYPERLINK(subc_contr_folder_path&S59&"\ipcs\"&Y59&"\"&E59&"-"&Y59&".pdf","Open") -> #VALUE! | Y59: =IF(Z59="","",Z59) -> #VALUE! | Z59: #VALUE!
A60: =+A59+1 -> 59 | B60: =COUNTIF(INDIRECT("D1:D"&ROW()-1),D60)+1 -> 1 | C60: =IF(_xlfn.IFNA(MATCH(D60,$D$1:D59,0),0)=0,MAX($C$1:C59)+1,"") -> 36 | D60: KLN-SPP2-AA-020 | E60: 20 | F60: TORNADO-SH MMM | G60: +994512449400 | H60: 📞 | I60: 💬 | J60: DY | K60: Active | L60: =IF(OR(K60="",N60=""),"",IF(L59="",MAX(L$2:L59),L59)+1) | M60: İbrahim Kemik | P60: Security | S60: 020_Tornado-SH | U60: =HYPERLINK(subc_contr_folder_path&S60,"Open") -> Open | V60: =HYPERLINK(subc_contr_folder_path&S60&"\02_IPC\"&Y60,"Open") -> #VALUE! | W60: =HYPERLINK(subc_contr_folder_path&S60&"\ipcs\"&Y60&"\"&"log.pdf","Open") -> #VALUE! | X60: =HYPERLINK(subc_contr_folder_path&S60&"\ipcs\"&Y60&"\"&E60&"-"&Y60&".pdf","Open") -> #VALUE! | Y60: =IF(Z60="","",Z60) -> #VALUE! | Z60: #VALUE! | AC60: + | AD60: + | AE60: + | AF60: + | AG60: + | AH60: + | AI60: + | AJ60: +
A61: =+A60+1 -> 60 | B61: =COUNTIF(INDIRECT("D1:D"&ROW()-1),D61)+1 -> 1 | C61: =IF(_xlfn.IFNA(MATCH(D61,$D$1:D60,0),0)=0,MAX($C$1:C60)+1,"") -> 37 | D61: KLN-SPP2-EQ-039 | E61: 39 | F61: TRANSTONE MMC | J61: DY | L61: =IF(OR(K61="",N61=""),"",IF(L60="",MAX(L$2:L60),L60)+1) | P61: Rental Manlift | S61: 039_Transtone | U61: =HYPERLINK(subc_contr_folder_path&S61,"Open") -> Open | V61: =HYPERLINK(subc_contr_folder_path&S61&"\02_IPC\"&Y61,"Open") -> #VALUE! | W61: =HYPERLINK(subc_contr_folder_path&S61&"\ipcs\"&Y61&"\"&"log.pdf","Open") -> #VALUE! | X61: =HYPERLINK(subc_contr_folder_path&S61&"\ipcs\"&Y61&"\"&E61&"-"&Y61&".pdf","Open") -> #VALUE! | Y61: =IF(Z61="","",Z61) -> #VALUE! | Z61: #VALUE! | AC61: +
A62: =+A61+1 -> 61 | B62: =COUNTIF(INDIRECT("D1:D"&ROW()-1),D62)+1 -> 1 | C62: =IF(_xlfn.IFNA(MATCH(D62,$D$1:D61,0),0)=0,MAX($C$1:C61)+1,"") -> 38 | D62: KLN-SPP2-EQ-066 | E62: 66 | F62: QURBANALI AHMADOV | J62: DY | K62: Active | L62: =IF(OR(K62="",N62=""),"",IF(L61="",MAX(L$2:L61),L61)+1) | P62: Transportation | S62: 066_Qurbanali Ahmadov | U62: =HYPERLINK(subc_contr_folder_path&S62,"Open") -> Open | V62: =HYPERLINK(subc_contr_folder_path&S62&"\02_IPC\"&Y62,"Open") -> #VALUE! | W62: =HYPERLINK(subc_contr_folder_path&S62&"\ipcs\"&Y62&"\"&"log.pdf","Open") -> #VALUE! | X62: =HYPERLINK(subc_contr_folder_path&S62&"\ipcs\"&Y62&"\"&E62&"-"&Y62&".pdf","Open") -> #VALUE! | Y62: =IF(Z62="","",Z62) -> #VALUE! | Z62: #VALUE! | AC62: +
A63: =+A62+1 -> 62 | B63: =COUNTIF(INDIRECT("D1:D"&ROW()-1),D63)+1 -> 1 | C63: =IF(_xlfn.IFNA(MATCH(D63,$D$1:D62,0),0)=0,MAX($C$1:C62)+1,"") -> 39 | D63: KLN-SPP2-HSE-082 | E63: 82 | F63: CERTIX CONSULTING | J63: DY | K63: Active | L63: =IF(OR(K63="",N63=""),"",IF(L62="",MAX(L$2:L62),L62)+1) | P63: HSE Training | S63: 082_Certix Consulting | U63: =HYPERLINK(subc_contr_folder_path&S63,"Open") -> Open | V63: =HYPERLINK(subc_contr_folder_path&S63&"\02_IPC\"&Y63,"Open") -> #VALUE! | W63: =HYPERLINK(subc_contr_folder_path&S63&"\ipcs\"&Y63&"\"&"log.pdf","Open") -> #VALUE! | X63: =HYPERLINK(subc_contr_folder_path&S63&"\ipcs\"&Y63&"\"&E63&"-"&Y63&".pdf","Open") -> #VALUE! | Y63: =IF(Z63="","",Z63) -> #VALUE! | Z63: #VALUE! | AC63: +
A64: =+A63+1 -> 63 | B64: =COUNTIF(INDIRECT("D1:D"&ROW()-1),D64)+1 -> 1 | C64: =IF(_xlfn.IFNA(MATCH(D64,$D$1:D63,0),0)=0,MAX($C$1:C63)+1,"") -> 40 | D64: KLN-SPP2-AA-088 | E64: 88 | F64: NOFEL MAMMADOV | J64: DY | K64: Active | L64: =IF(OR(K64="",N64=""),"",IF(L63="",MAX(L$2:L63),L63)+1) | P64: Transportation | S64: 088_Nofel Mammadov | U64: =HYPERLINK(subc_contr_folder_path&S64,"Open") -> Open | V64: =HYPERLINK(subc_contr_folder_path&S64&"\02_IPC\"&Y64,"Open") -> #VALUE! | W64: =HYPERLINK(subc_contr_folder_path&S64&"\ipcs\"&Y64&"\"&"log.pdf","Open") -> #VALUE! | X64: =HYPERLINK(subc_contr_folder_path&S64&"\ipcs\"&Y64&"\"&E64&"-"&Y64&".pdf","Open") -> #VALUE! | Y64: =IF(Z64="","",Z64) -> #VALUE! | Z64: #VALUE! | AC64: +
A65: =+A64+1 -> 64 | B65: =COUNTIF(INDIRECT("D1:D"&ROW()-1),D65)+1 -> 1 | C65: =IF(_xlfn.IFNA(MATCH(D65,$D$1:D64,0),0)=0,MAX($C$1:C64)+1,"") -> 41 | D65: KLN-SPP2-EQ-092 | E65: 92 | F65: IRAC BAGIYEV | J65: DY | K65: Active | L65: =IF(OR(K65="",N65=""),"",IF(L64="",MAX(L$2:L64),L64)+1) | P65: Rental Total Station | S65: 092_İrac Bağıyev | U65: =HYPERLINK(subc_contr_folder_path&S65,"Open") -> Open | V65: =HYPERLINK(subc_contr_folder_path&S65&"\02_IPC\"&Y65,"Open") -> #VALUE! | W65: =HYPERLINK(subc_contr_folder_path&S65&"\ipcs\"&Y65&"\"&"log.pdf","Open") -> #VALUE! | X65: =HYPERLINK(subc_contr_folder_path&S65&"\ipcs\"&Y65&"\"&E65&"-"&Y65&".pdf","Open") -> #VALUE! | Y65: =IF(Z65="","",Z65) -> #VALUE! | Z65: #VALUE! | AC65: +
A66: =+A65+1 -> 65 | B66: =COUNTIF(INDIRECT("D1:D"&ROW()-1),D66)+1 -> 1 | C66: =IF(_xlfn.IFNA(MATCH(D66,$D$1:D65,0),0)=0,MAX($C$1:C65)+1,"") -> 42 | D66: KLN-SPP2-EQ-096 | E66: 96 | F66: HEALTH SAFETY SYSTEMS | J66: DY | K66: Active | L66: =IF(OR(K66="",N66=""),"",IF(L65="",MAX(L$2:L65),L65)+1) | P66: Scaffolding | S66: 096_HSS | U66: =HYPERLINK(subc_contr_folder_path&S66,"Open") -> Open | V66: =HYPERLINK(subc_contr_folder_path&S66&"\02_IPC\"&Y66,"Open") -> #VALUE! | W66: =HYPERLINK(subc_contr_folder_path&S66&"\ipcs\"&Y66&"\"&"log.pdf","Open") -> #VALUE! | X66: =HYPERLINK(subc_contr_folder_path&S66&"\ipcs\"&Y66&"\"&E66&"-"&Y66&".pdf","Open") -> #VALUE! | Y66: =IF(Z66="","",Z66) -> #VALUE! | Z66: #VALUE! | AC66: +
A67: =+A66+1 -> 66 | B67: =COUNTIF(INDIRECT("D1:D"&ROW()-1),D67)+1 -> 1 | C67: =IF(_xlfn.IFNA(MATCH(D67,$D$1:D66,0),0)=0,MAX($C$1:C66)+1,"") -> 43 | D67: KLN-SPP2-EQ-097 | E67: 97 | F67: SAXAVAT IBRAHIMOV | J67: DY | L67: =IF(OR(K67="",N67=""),"",IF(L66="",MAX(L$2:L66),L66)+1) | P67: Rental Water Tanker | S67: 097_İbrahimov Səxavət | U67: =HYPERLINK(subc_contr_folder_path&S67,"Open") -> Open | V67: =HYPERLINK(subc_contr_folder_path&S67&"\02_IPC\"&Y67,"Open") -> #VALUE! | W67: =HYPERLINK(subc_contr_folder_path&S67&"\ipcs\"&Y67&"\"&"log.pdf","Open") -> #VALUE! | X67: =HYPERLINK(subc_contr_folder_path&S67&"\ipcs\"&Y67&"\"&E67&"-"&Y67&".pdf","Open") -> #VALUE! | Y67: =IF(Z67="","",Z67) -> #VALUE! | Z67: #VALUE! | AC67: +
A68: =+A67+1 -> 67 | B68: =COUNTIF(INDIRECT("D1:D"&ROW()-1),D68)+1 -> 1 | C68: =IF(_xlfn.IFNA(MATCH(D68,$D$1:D67,0),0)=0,MAX($C$1:C67)+1,"") -> 44 | D68: KLN-SPP2-AA-104 | E68: 104 | F68: TRANS SERVIVE GROUP MMC | J68: DY | L68: =IF(OR(K68="",N68=""),"",IF(L67="",MAX(L$2:L67),L67)+1) | P68: Transportation | S68: 104_Trans Service Group | U68: =HYPERLINK(subc_contr_folder_path&S68,"Open") -> Open | V68: =HYPERLINK(subc_contr_folder_path&S68&"\02_IPC\"&Y68,"Open") -> #VALUE! | W68: =HYPERLINK(subc_contr_folder_path&S68&"\ipcs\"&Y68&"\"&"log.pdf","Open") -> #VALUE! | X68: =HYPERLINK(subc_contr_folder_path&S68&"\ipcs\"&Y68&"\"&E68&"-"&Y68&".pdf","Open") -> #VALUE! | Y68: =IF(Z68="","",Z68) -> #VALUE! | Z68: #VALUE! | AC68: +
A69: =+A68+1 -> 68 | B69: =COUNTIF(INDIRECT("D1:D"&ROW()-1),D69)+1 -> 1 | C69: =IF(_xlfn.IFNA(MATCH(D69,$D$1:D68,0),0)=0,MAX($C$1:C68)+1,"") -> 45 | D69: KLN-SPP2-AA-105 | E69: 105 | F69: ELLOG MMC | J69: DY | L69: =IF(OR(K69="",N69=""),"",IF(L68="",MAX(L$2:L68),L68)+1) | P69: Transportation | S69: 105_Ellog MMC | U69: =HYPERLINK(subc_contr_folder_path&S69,"Open") -> Open | V69: =HYPERLINK(subc_contr_folder_path&S69&"\02_IPC\"&Y69,"Open") -> #VALUE! | W69: =HYPERLINK(subc_contr_folder_path&S69&"\ipcs\"&Y69&"\"&"log.pdf","Open") -> #VALUE! | X69: =HYPERLINK(subc_contr_folder_path&S69&"\ipcs\"&Y69&"\"&E69&"-"&Y69&".pdf","Open") -> #VALUE! | Y69: =IF(Z69="","",Z69) -> #VALUE! | Z69: #VALUE! | AC69: +
A70: =+A69+1 -> 69 | B70: =COUNTIF(INDIRECT("D1:D"&ROW()-1),D70)+1 -> 1 | C70: =IF(_xlfn.IFNA(MATCH(D70,$D$1:D69,0),0)=0,MAX($C$1:C69)+1,"") -> 46 | D70: KLN-SPP2-CW-106 | E70: 106 | F70: ZETAS YAPI AS | J70: DY | L70: =IF(OR(K70="",N70=""),"",IF(L69="",MAX(L$2:L69),L69)+1) | P70: Fire Painting on Structural Steel | S70: 106_Zetas Yapi | U70: =HYPERLINK(subc_contr_folder_path&S70,"Open") -> Open | V70: =HYPERLINK(subc_contr_folder_path&S70&"\02_IPC\"&Y70,"Open") -> #VALUE! | W70: =HYPERLINK(subc_contr_folder_path&S70&"\ipcs\"&Y70&"\"&"log.pdf","Open") -> #VALUE! | X70: =HYPERLINK(subc_contr_folder_path&S70&"\ipcs\"&Y70&"\"&E70&"-"&Y70&".pdf","Open") -> #VALUE! | Y70: =IF(Z70="","",Z70) -> #VALUE! | Z70: #VALUE! | AC70: +
A71: =+A70+1 -> 70 | B71: =COUNTIF(INDIRECT("D1:D"&ROW()-1),D71)+1 -> 1 | C71: =IF(_xlfn.IFNA(MATCH(D71,$D$1:D70,0),0)=0,MAX($C$1:C70)+1,"") -> 47 | D71: KLN-SPP2-AA-116 | E71: 116 | F71: ICM CONSULTING | J71: DY | K71: Active | L71: =IF(OR(K71="",N71=""),"",IF(L70="",MAX(L$2:L70),L70)+1) | P71: Contract&Claim Consulting | S71: 116_ICM | U71: =HYPERLINK(subc_contr_folder_path&S71,"Open") -> Open | V71: =HYPERLINK(subc_contr_folder_path&S71&"\02_IPC\"&Y71,"Open") -> #VALUE! | W71: =HYPERLINK(subc_contr_folder_path&S71&"\ipcs\"&Y71&"\"&"log.pdf","Open") -> #VALUE! | X71: =HYPERLINK(subc_contr_folder_path&S71&"\ipcs\"&Y71&"\"&E71&"-"&Y71&".pdf","Open") -> #VALUE! | Y71: =IF(Z71="","",Z71) -> #VALUE! | Z71: #VALUE! | AC71: +
A72: =+A71+1 -> 71 | B72: =COUNTIF(INDIRECT("D1:D"&ROW()-1),D72)+1 -> 1 | C72: =IF(_xlfn.IFNA(MATCH(D72,$D$1:D71,0),0)=0,MAX($C$1:C71)+1,"") -> 48 | D72: KLN-SPP2-AA-118 | E72: 118 | F72: TRANSTONE MMC | J72: DY | L72: =IF(OR(K72="",N72=""),"",IF(#REF!="",MAX(L$2:L71),#REF!)+1) | P72: Transportation | S72: 118_Transtone Taşıma | U72: =HYPERLINK(subc_contr_folder_path&S72,"Open") -> Open | V72: =HYPERLINK(subc_contr_folder_path&S72&"\02_IPC\"&Y72,"Open") -> #VALUE! | W72: =HYPERLINK(subc_contr_folder_path&S72&"\ipcs\"&Y72&"\"&"log.pdf","Open") -> #VALUE! | X72: =HYPERLINK(subc_contr_folder_path&S72&"\ipcs\"&Y72&"\"&E72&"-"&Y72&".pdf","Open") -> #VALUE! | Y72: =IF(Z72="","",Z72) -> #VALUE! | Z72: #VALUE! | AC72: +
A73: =+A72+1 -> 72 | B73: =COUNTIF(INDIRECT("D1:D"&ROW()-1),D73)+1 -> 1 | C73: =IF(_xlfn.IFNA(MATCH(D73,$D$1:D72,0),0)=0,MAX($C$1:C72)+1,"") -> 49 | D73: KLN-SPP2-EQ-119 | E73: 119 | F73: NAR KRAN MMC | G73: +994502712731 | H73: 📞 | I73: 💬 | J73: DY | K73: Active | L73: =IF(OR(K73="",N73=""),"",IF(L72="",MAX(L$2:L72),L72)+1) -> 27 | M73: Mustafa Yazıcı | N73: 77JD181 | P73: Crane | R73: Warehouse | S73: 119_NAR KRAN MMC | U73: =HYPERLINK(subc_contr_folder_path&S73,"Open") -> Open | V73: =HYPERLINK(subc_contr_folder_path&S73&"\03_IPCs\"&Y73,"Open") -> #VALUE! | W73: =HYPERLINK(subc_contr_folder_path&S73&"\ipcs\"&Y73&"\"&"log.pdf","Open") -> #VALUE! | X73: =HYPERLINK(subc_contr_folder_path&S73&"\ipcs\"&Y73&"\"&E73&"-"&Y73&".pdf","Open") -> #VALUE! | Y73: =IF(Z73="","",Z73) -> #VALUE! | Z73: #VALUE! | AC73: + | AD73: + | AE73: + | AF73: + | AG73: +
A74: =+A73+1 -> 73 | B74: =COUNTIF(INDIRECT("D1:D"&ROW()-1),D74)+1 -> 2 | C74: =IF(_xlfn.IFNA(MATCH(D74,$D$1:D73,0),0)=0,MAX($C$1:C73)+1,"") | D74: KLN-SPP2-EQ-119 | E74: 119 | F74: NAR KRAN MMC | G74: +994502712731 | H74: 📞 | I74: 💬 | J74: EB | K74: Active | L74: =IF(OR(K74="",N74=""),"",IF(L73="",MAX(L$2:L73),L73)+1) -> 28 | M74: Mustafa Yazıcı | N74: 110FC382 | P74: Telescopic loader | R74: Warehouse | S74: 119_NAR KRAN MMC | Y74: =IF(Z74="","",Z74) -> #VALUE! | Z74: #VALUE! | AC74: + | AD74: + | AE74: + | AG74: +
A75: =+A74+1 -> 74 | B75: =COUNTIF(INDIRECT("D1:D"&ROW()-1),D75)+1 -> 3 | C75: =IF(_xlfn.IFNA(MATCH(D75,$D$1:D74,0),0)=0,MAX($C$1:C74)+1,"") | D75: KLN-SPP2-EQ-119 | E75: 119 | F75: NAR KRAN MMC | G75: +994502712731 | H75: 📞 | I75: 💬 | J75: EB | K75: Active | L75: =IF(OR(K75="",N75=""),"",IF(L74="",MAX(L$2:L74),L74)+1) -> 29 | M75: Mustafa Yazıcı | N75: 110FF102 | P75: Loader | R75: Warehouse | S75: 119_NAR KRAN MMC | Y75: =IF(Z75="","",Z75) -> #VALUE! | Z75: #VALUE! | AC75: + | AD75: + | AE75: + | AG75: +
A76: =+A74+1 -> 74 | B76: =COUNTIF(INDIRECT("D1:D"&ROW()-1),D76)+1 -> 4 | C76: =IF(_xlfn.IFNA(MATCH(D76,$D$1:D74,0),0)=0,MAX($C$1:C74)+1,"") | D76: KLN-SPP2-EQ-119 | E76: 119 | F76: NAR KRAN MMC | G76: +994502712731 | H76: 📞 | I76: 💬 | J76: EB | K76: Active | L76: =IF(OR(K76="",N76=""),"",IF(L75="",MAX(L$2:L75),L75)+1) -> 30 | M76: Mustafa Yazıcı | N76: 22BA318 | P76: Forklift | R76: Warehouse | S76: 119_NAR KRAN MMC | Y76: =IF(Z76="","",Z76) -> #VALUE! | Z76: #VALUE! | AC76: + | AD76: + | AE76: + | AG76: +
A77: =+A75+1 -> 75 | B77: =COUNTIF(INDIRECT("D1:D"&ROW()-1),D77)+1 -> 5 | C77: =IF(_xlfn.IFNA(MATCH(D77,$D$1:D75,0),0)=0,MAX($C$1:C75)+1,"") | D77: KLN-SPP2-EQ-119 | E77: 119 | F77: NAR KRAN MMC | G77: +994502712731 | H77: 📞 | I77: 💬 | J77: EB | K77: Active | L77: =IF(OR(K77="",N77=""),"",IF(L76="",MAX(L$2:L76),L76)+1) -> 31 | M77: Mustafa Yazıcı | N77: 99DX853 | P77: Forklift | R77: Warehouse | S77: 119_NAR KRAN MMC | Y77: =IF(Z77="","",Z77) -> #VALUE! | Z77: #VALUE! | AC77: + | AD77: + | AE77: + | AG77: +
A78: =+A77+1 -> 76 | B78: =COUNTIF(INDIRECT("D1:D"&ROW()-1),D78)+1 -> 1 | C78: =IF(_xlfn.IFNA(MATCH(D78,$D$1:D77,0),0)=0,MAX($C$1:C77)+1,"") -> 50 | D78: KLN-SPP2-AR-130 | E78: 130 | F78: LETON HANGAR DOORS MMC | J78: DY | K78: Active | L78: =IF(OR(K78="",N78=""),"",IF(L77="",MAX(L$2:L77),L77)+1) | P78: Ex-Proof Doors | S78: 130_Leton Hangar Doors | U78: =HYPERLINK(subc_contr_folder_path&S78,"Open") -> Open | V78: =HYPERLINK(subc_contr_folder_path&S78&"\02_IPC\"&Y78,"Open") -> #VALUE! | W78: =HYPERLINK(subc_contr_folder_path&S78&"\ipcs\"&Y78&"\"&"log.pdf","Open") -> #VALUE! | X78: =HYPERLINK(subc_contr_folder_path&S78&"\ipcs\"&Y78&"\"&E78&"-"&Y78&".pdf","Open") -> #VALUE! | Y78: =IF(Z78="","",Z78) -> #VALUE! | Z78: #VALUE! | AC78: +
A79: =+A78+1 -> 77 | B79: =COUNTIF(INDIRECT("D1:D"&ROW()-1),D79)+1 -> 1 | C79: =IF(_xlfn.IFNA(MATCH(D79,$D$1:D78,0),0)=0,MAX($C$1:C78)+1,"") -> 51 | D79: KLN-SPP2-CW-132 | E79: 132 | F79: CASPIAN INSPECTION COMPANY MMC | J79: DY | L79: =IF(OR(K79="",N79=""),"",IF(L78="",MAX(L$2:L78),L78)+1) | P79: Tests | S79: 132_Caspian Inspection Company | U79: =HYPERLINK(subc_contr_folder_path&S79,"Open") -> Open | V79: =HYPERLINK(subc_contr_folder_path&S79&"\02_IPC\"&Y79,"Open") -> #VALUE! | W79: =HYPERLINK(subc_contr_folder_path&S79&"\ipcs\"&Y79&"\"&"log.pdf","Open") -> #VALUE! | X79: =HYPERLINK(subc_contr_folder_path&S79&"\ipcs\"&Y79&"\"&E79&"-"&Y79&".pdf","Open") -> #VALUE! | Y79: =IF(Z79="","",Z79) -> #VALUE! | Z79: #VALUE! | AC79: +
A80: =+A79+1 -> 78 | B80: =COUNTIF(INDIRECT("D1:D"&ROW()-1),D80)+1 -> 1 | C80: =IF(_xlfn.IFNA(MATCH(D80,$D$1:D79,0),0)=0,MAX($C$1:C79)+1,"") -> 52 | D80: KLN-SPP2-CW-143 | E80: 143 | F80: ASTECHNIC MMC | J80: DY | K80: Active | L80: =IF(OR(K80="",N80=""),"",IF(L79="",MAX(L$2:L79),L79)+1) | P80: Civil (Paving) Works | S80: 143_Astechnic MMC | U80: =HYPERLINK(subc_contr_folder_path&S80,"Open") -> Open | V80: =HYPERLINK(subc_contr_folder_path&S80&"\02_IPC\"&Y80,"Open") -> #VALUE! | W80: =HYPERLINK(subc_contr_folder_path&S80&"\ipcs\"&Y80&"\"&"log.pdf","Open") -> #VALUE! | X80: =HYPERLINK(subc_contr_folder_path&S80&"\ipcs\"&Y80&"\"&E80&"-"&Y80&".pdf","Open") -> #VALUE! | Y80: =IF(Z80="","",Z80) -> #VALUE! | Z80: #VALUE! | AC80: +
A81: =+A80+1 -> 79 | B81: =COUNTIF(INDIRECT("D1:D"&ROW()-1),D81)+1 -> 1 | C81: =IF(_xlfn.IFNA(MATCH(D81,$D$1:D80,0),0)=0,MAX($C$1:C80)+1,"") -> 53 | D81: KLN-SPP2-AA-145 | E81: 145 | F81: GEOID MMC | J81: DY | L81: =IF(OR(K81="",N81=""),"",IF(L80="",MAX(L$2:L80),L80)+1) | P81: Aeropictures of field | S81: 145_Geoid | U81: =HYPERLINK(subc_contr_folder_path&S81,"Open") -> Open | V81: =HYPERLINK(subc_contr_folder_path&S81&"\02_IPC\"&Y81,"Open") -> #VALUE! | W81: =HYPERLINK(subc_contr_folder_path&S81&"\ipcs\"&Y81&"\"&"log.pdf","Open") -> #VALUE! | X81: =HYPERLINK(subc_contr_folder_path&S81&"\ipcs\"&Y81&"\"&E81&"-"&Y81&".pdf","Open") -> #VALUE! | Y81: =IF(Z81="","",Z81) -> #VALUE! | Z81: #VALUE! | AC81: +
A82: =+A81+1 -> 80 | B82: =COUNTIF(INDIRECT("D1:D"&ROW()-1),D82)+1 -> 1 | C82: =IF(_xlfn.IFNA(MATCH(D82,$D$1:D81,0),0)=0,MAX($C$1:C81)+1,"") -> 54 | D82: KLN-SPP2-AA-152 | E82: 152 | F82: RUSTEM HASIMOV | J82: DY | L82: =IF(OR(K82="",N82=""),"",IF(L81="",MAX(L$2:L81),L81)+1) | N82: CİFA PC907 | P82: Rental Concrete Pump | S82: 152_Rüstem Haşimov | U82: =HYPERLINK(subc_contr_folder_path&S82,"Open") -> Open | V82: =HYPERLINK(subc_contr_folder_path&S82&"\02_IPC\"&Y82,"Open") -> #VALUE! | W82: =HYPERLINK(subc_contr_folder_path&S82&"\ipcs\"&Y82&"\"&"log.pdf","Open") -> #VALUE! | X82: =HYPERLINK(subc_contr_folder_path&S82&"\ipcs\"&Y82&"\"&E82&"-"&Y82&".pdf","Open") -> #VALUE! | Y82: =IF(Z82="","",Z82) -> #VALUE! | Z82: #VALUE! | AC82: +
A83: =+A82+1 -> 81 | B83: =COUNTIF(INDIRECT("D1:D"&ROW()-1),D83)+1 -> 1 | C83: =IF(_xlfn.IFNA(MATCH(D83,$D$1:D82,0),0)=0,MAX($C$1:C82)+1,"") -> 55 | D83: KLN-SPP2-EQ-162 | E83: 162 | F83: OSMAN BEDIR | G83: +994502712731 | H83: 📞 | I83: 💬 | J83: DY | K83: Active | L83: =IF(OR(K83="",N83=""),"",IF(L82="",MAX(L$2:L82),L82)+1) -> 32 | M83: Mustafa Yazıcı | N83: 99LZ181 | O83: + | P83: Rental Hi-Up | R83: Rough works | S83: 162_Osman Bedir | U83: =HYPERLINK(subc_contr_folder_path&S83,"Open") -> Open | V83: =HYPERLINK(subc_contr_folder_path&S83&"\03_IPC\"&Y83,"Open") -> #VALUE! | W83: =HYPERLINK(subc_contr_folder_path&S83&"\ipcs\"&Y83&"\"&"log.pdf","Open") -> #VALUE! | X83: =HYPERLINK(subc_contr_folder_path&S83&"\ipcs\"&Y83&"\"&E83&"-"&Y83&".pdf","Open") -> #VALUE! | Y83: =IF(Z83="","",Z83) -> #VALUE! | Z83: #VALUE! | AC83: + | AD83: + | AE83: + | AF83: + | AG83: + | AH83: + | AI83: +
A84: =+A83+1 -> 82 | B84: =COUNTIF(INDIRECT("D1:D"&ROW()-1),D84)+1 -> 2 | C84: =IF(_xlfn.IFNA(MATCH(D84,$D$1:D83,0),0)=0,MAX($C$1:C83)+1,"") | D84: KLN-SPP2-EQ-162 | E84: 162 | F84: OSMAN BEDIR | G84: +994502712731 | H84: 📞 | I84: 💬 | J84: EB | K84: Active | L84: =IF(OR(K84="",N84=""),"",IF(L83="",MAX(L$2:L83),L83)+1) -> 33 | M84: Mustafa Yazıcı | N84: Manlift | O84: + | P84: Manlift | R84: Fit-out works | S84: 162_Osman Bedir | Y84: =IF(Z84="","",Z84) -> #VALUE! | Z84: #VALUE! | AC84: + | AD84: + | AE84: + | AG84: +
A85: =+A84+1 -> 83 | B85: =COUNTIF(INDIRECT("D1:D"&ROW()-1),D85)+1 -> 1 | C85: =IF(_xlfn.IFNA(MATCH(D85,$D$1:D84,0),0)=0,MAX($C$1:C84)+1,"") -> 56 | D85: KLN-SPP2-AA-169 | E85: 169 | F85: GREENDEZ | J85: DY | K85: Active | L85: =IF(OR(K85="",N85=""),"",IF(L84="",MAX(L$2:L84),L84)+1) | M85: İbrahim Kemik | P85: Disinfection | S85: 169_Greendez | U85: =HYPERLINK(subc_contr_folder_path&S85,"Open") -> Open | V85: =HYPERLINK(subc_contr_folder_path&S85&"\02_IPC\"&Y85,"Open") -> #VALUE! | W85: =HYPERLINK(subc_contr_folder_path&S85&"\ipcs\"&Y85&"\"&"log.pdf","Open") -> #VALUE! | X85: =HYPERLINK(subc_contr_folder_path&S85&"\ipcs\"&Y85&"\"&E85&"-"&Y85&".pdf","Open") -> #VALUE! | Y85: =IF(Z85="","",Z85) -> #VALUE! | Z85: #VALUE! | AC85: + | AD85: + | AE85: + | AF85: + | AG85: + | AH85: + | AI85: + | AJ85: +
A86: =+A85+1 -> 84 | B86: =COUNTIF(INDIRECT("D1:D"&ROW()-1),D86)+1 -> 1 | C86: =IF(_xlfn.IFNA(MATCH(D86,$D$1:D85,0),0)=0,MAX($C$1:C85)+1,"") -> 57 | D86: KLN-SPP2-EQ-178 | E86: 178 | F86: CASPIAN SERVICES GROUP | G86: +994502327720 | H86: 📞 | I86: 💬 | J86: DY | K86: Active | L86: =IF(OR(K86="",N86=""),"",IF(L85="",MAX(L$2:L85),L85)+1) -> 34 | M86: Mustafa Yazıcı | N86: 50T742 | O86: + | P86: Crane | R86: Fit-out works | S86: 178_ Caspian Services Group | U86: =HYPERLINK(subc_contr_folder_path&S86,"Open") -> Open | V86: =HYPERLINK(subc_contr_folder_path&S86&"\ipcs\"&Y86,"Open") -> #VALUE! | W86: =HYPERLINK(subc_contr_folder_path&S86&"\ipcs\"&Y86&"\"&"log.pdf","Open") -> #VALUE! | X86: =HYPERLINK(subc_contr_folder_path&S86&"\ipcs\"&Y86&"\"&E86&"-"&Y86&".pdf","Open") -> #VALUE! | Y86: =IF(Z86="","",Z86) -> #VALUE! | Z86: #VALUE! | AC86: + | AD86: + | AE86: + | AF86: + | AG86: + | AH86: + | AI86: +
A87: =+A86+1 -> 85 | B87: =COUNTIF(INDIRECT("D1:D"&ROW()-1),D87)+1 -> 2 | C87: =IF(_xlfn.IFNA(MATCH(D87,$D$1:D86,0),0)=0,MAX($C$1:C86)+1,"") | D87: KLN-SPP2-EQ-178 | E87: 178 | F87: CASPIAN SERVICES GROUP | G87: +994502327720 | H87: 📞 | I87: 💬 | J87: EB | K87: Active | L87: =IF(OR(K87="",N87=""),"",IF(L86="",MAX(L$2:L86),L86)+1) -> 35 | M87: Mustafa Yazıcı | N87: 50T610 | O87: + | P87: Crane | R87: Fit-out works | S87: 178_ Caspian Services Group | Y87: =IF(Z87="","",Z87) -> #VALUE! | Z87: #VALUE! | AC87: + | AD87: + | AE87: + | AF87: + | AG87: +

Sheet vehicle-record
C1: ="KİRALIK ARAÇ GÜNLÜK PUANTAJ TAKİP FORMU - "&RIGHT(I4,3)&" - "&_xlfn.XLOOKUP(I4,data!D:D,data!Z:Z,,0)+M4 -> #VALUE!
L2: Record no | M2: Month | N2: Year | O2: Department | T2: Department | U2: Vəzifəsi | V2: ADI
A3: Araç Sahibi | C3: =_xlfn.XLOOKUP(L3,data!L:L,data!F:F,,0) -> NAR KRAN MMC | G3: Uygulama AYI | I3: =VLOOKUP(M3,Z3:AB14,2,0)&" "&N3 -> APREL 2026 | L3: 31 | M3: 4 | N3: 2026 | O3: =_xlfn.XLOOKUP(L3,data!L:L,data!R:R,0) -> Warehouse | T3: QA/QC | U3: Kalite Kontrok Şefi | V3: Hakan Alkan | Z3: 1 | AA3: =UPPER(AB3) -> YANVAR | AB3: yanvar
A4: Plakası | C4: {=INDEX(_xlfn.TEXTSPLIT(_xlfn.XLOOKUP(L3,data!L:L,data!N:N,,0),"-"),1)} -> 99DX853 | G4: Kontrat no | I4: =_xlfn.XLOOKUP(L3,data!L:L,data!D:D,,0) -> KLN-SPP2-EQ-119 | L4: 179 | M4: 2 | T4: Workshop | U4: Atölye şefi | V4: Mesut Fırat | Z4: 2 | AA4: =UPPER(AB4) -> FEVRAL | AB4: fevral
A5: Markası/Modeli | C5: =_xlfn.XLOOKUP(L3,data!L:L,data!Q:Q,,0) -> 0 | G5: IPC № | I5: =_xlfn.XLOOKUP(I4,data!D:D,data!Z:Z,,0)+M4 -> #VALUE! | T5: Administration | U5: İdari işler müdürü | V5: Ibrahim Kemik | Z5: 3 | AA5: =UPPER(AB5) -> MART | AB5: mart
A6: Növbə | C6: =IF(RIGHT(_xlfn.XLOOKUP(L3,data!L:L,data!N:N,,0))="N","GECƏ","") | G6: Tel | I6: =""&MID(_xlfn.XLOOKUP(L3,data!L:L,data!G:G,,0),2,12) -> 994502712731 | O6: {=_xlfn._xlws.FILTER(_xlfn._TRO_TRAILING(data!L:L),IFERROR(_xlfn.NUMBERVALUE(RIGHT(_xlfn._TRO_TRAILING(data!D:D),3)),"")=L4)} -> 23 | T6: Vinç sepet | U6: Vinç/Sepet sorumlusu | V6: Mustafa Yazıcı | Z6: 4 | AA6: =UPPER(AB6) -> APREL | AB6: aprel
A7: Gün | B7: Km Başı | C7: Km Sonu | D7: Sarf km | E7: Baş. Saati | F7: Bitiş Saati | G7: ƏLAVƏ İŞ / SAAT | H7: Yakıt | I7: İmza | J7: Notlar | T7: Earthworks | U7: Toprak işleri şefi | V7: Barış Gültekin | Z7: 5 | AA7: =UPPER(AB7) -> MAY | AB7: may
A8: 1 | L8: {=_xlfn.LET(_xlpm.days,A8:A38,IF(_xlpm.days="","",WEEKDAY(DATE(N3,M3,_xlpm.days))))} -> 4 | M8: =_xlfn.XLOOKUP(I4,data!D:D,data!Z:Z,,0) -> #VALUE! | T8: Rough Works | U8: Kaba işler şefi | V8: Ertuğ Kuban | Z8: 6 | AA8: =UPPER(AB8) -> IYUN | AB8: iyun
A9: =+A8+1 -> 2 | L9: 5 | T9: Warehouse | U9: Ambar şefi | V9: Ibrahim Akgün | Z9: 7 | AA9: =UPPER(AB9) -> IYUL | AB9: iyul
A10: =A9+1 -> 3 | L10: 6 | T10: HSE | U10: İSG Şefi | V10: Dilaver Türk | Z10: 8 | AA10: =UPPER(AB10) -> AVQUST | AB10: avqust
A11: =A10+1 -> 4 | L11: 7 | T11: Infrastructure | U11: Alt yapı ve Harita şefi | V11: Nurettin Biçer | Z11: 9 | AA11: =UPPER(AB11) -> SENTYABR | AB11: sentyabr
A12: =A11+1 -> 5 | L12: 1 | T12: Electrical | U12: Elektrik Department | V12: Burak Papila | Z12: 10 | AA12: =UPPER(AB12) -> OKTYABR | AB12: oktyabr
A13: =A12+1 -> 6 | L13: 2 | T13: Fit-out works | U13: İnce işler şefi | V13: İrfan Karakaya | Z13: 11 | AA13: =UPPER(AB13) -> NOYABR | AB13: noyabr
A14: =A13+1 -> 7 | L14: 3 | Z14: 12 | AA14: =UPPER(AB14) -> DEKABR | AB14: dekabr
A15: =A14+1 -> 8 | L15: 4
A16: =A15+1 -> 9 | L16: 5
A17: =A16+1 -> 10 | L17: 6
A18: =A17+1 -> 11 | L18: 7
A19: =A18+1 -> 12 | L19: 1
A20: =A19+1 -> 13 | L20: 2
A21: =A20+1 -> 14 | L21: 3
A22: =A21+1 -> 15 | L22: 4
A23: =A22+1 -> 16 | L23: 5
A24: =A23+1 -> 17 | L24: 6
A25: =A24+1 -> 18 | L25: 7
A26: =A25+1 -> 19 | L26: 1
... A35: =A34+1 -> 28 | L35: 3
A36: =IF(DAY(EOMONTH(DATE($N$3,$M$3,1),0))<ROW()-7,"",A35+1) -> 29 | L36: 4
A37: =IF(DAY(EOMONTH(DATE($N$3,$M$3,1),0))<ROW()-7,"",A36+1) -> 30 | L37: 5
A38: =IF(DAY(EOMONTH(DATE($N$3,$M$3,1),0))<ROW()-7,"",A37+1)
B39: CƏMİ TƏK: | C39: =+COUNTA(C8:C38) -> 0 | D39: CƏMİ CÜT: | E39: =+COUNTA(E8:E38) -> 0 | F39: CƏM SAAT: | G39: =SUM(G8:G38) -> 0 | H39: =SUM(H8:H38) -> 0
A40: TƏRƏFLƏR | D40: VƏZİFƏ | G40: ADI | J40: İMZA
A41: =_xlfn.XLOOKUP(L3,data!L:L,data!F:F) -> NAR KRAN MMC | D41: Taşefon sorumlusu | G41: =A41 -> NAR KRAN MMC
A42: Kolin İnşaat | D42: Yetkili formen | G42: =_xlfn.XLOOKUP(L3,data!L:L,data!M:M) -> Mustafa Yazıcı
A43: Kolin İnşaat | D43: =VLOOKUP(O3,_xlfn._TRO_TRAILING(T:V),2,0) -> Ambar şefi | G43: =VLOOKUP(O3,_xlfn._TRO_TRAILING(T:V),3,0) -> Ibrahim Akgün
A44: DİQQƏT!!! TOPLAM GÜN VƏ ƏLAVƏ SAAT MİQDARI MÜTLƏQ QEYD EDİLMƏLİDİR

Sheet notes
A1: Notes
B2: Kəsinti notlarının detallarını yaz

Sheet config
A1: Subcontractor contracts folder path | B1: \\DATA\DataServer\Teknik Ofis\00_SPP2 Taseron Sozlesmeleri\
A3: Cell name | B3: Position | C3: Name Surname
A4: Technical Office Cheif | B4: Technical Office Cheif Texniki Şöbə Şefi | C4: Mehmet Özgün DEDEKARGINOĞLU
A5: Site Manager | B5: Site Manager Sahə Rəhbəri | C5: Turgut BAL
